URL,SEO Score
https://fampay.in/,202
https://fampay.in/about,202
https://fampay.in/parent,202
https://fampay.in/blog,188
https://fampay.in/blog/tag/teens/,155
https://fampay.in/blog/decor-ideas-that-would-transform-your-room-at-home-or-hostel/,61
https://fampay.in/blog/social-commerce-making-money-just-through-social-media/,293
https://fampay.in/blog/life-of-an-intern-is-love/,126
https://fampay.in/blog/author/ayushi/,34
https://fampay.in/blog/perks-of-using-the-famcard-me/,71
https://fampay.in/blog/13-boredom-busters-for-teens/,63
https://fampay.in/blog/club-teens-one-stop-online-community/,156
https://fampay.in/blog/author/kaavyya/,36
https://fampay.in/blog/how-can-teens-open-shops-on-instagram/,49
https://fampay.in/blog/when-building-for-genzs-build-it-on-discord/,145
https://fampay.in/blog/author/aditi/,31
https://fampay.in/blog/author/arohi/,32
https://fampay.in/blog/tag/teens/page/2/,14
https://fampay.in/blog/3-financial-lessons-from-nature-itself/,55
https://fampay.in/blog/every-little-thing-counts-ways-in-which-you-can-contribute-to-society-as-a-teenager/,194
https://fampay.in/blog/author/garvita/,34
https://fampay.in/blog/a-practical-guide-to-app-store-optimization/,51
https://fampay.in/blog/guide-for-seeking-support-from-fampay-important-dos-and-donts/,67
https://fampay.in/blog/7-clever-saving-hacks-for-teenagers-this-will-save-you-a-fortune/,202
https://fampay.in/blog/baddie-on-a-budget-budgeting-tricks-for-teens/,275
https://fampay.in/blog/what-are-the-perks-of-using-fampay/,142
https://fampay.in/blog/savings-for-teens-its-never-too-early-to-start/,215
https://fampay.in/blog/building-indias-first-genz-teen-exclusive-community/,349
https://fampay.in/blog/author/ritwick/,34
https://fampay.in/blog/curious-about-famcard-heres-everything-to-know/,150
https://fampay.in/blog/famcard-your-first-debit-card/,16
https://fampay.in/blog/everything-you-need-to-know-about-our-numberless-card/,259
https://fampay.in/blog/author/shifa/,31
https://fampay.in/blog/what-makes-fampay-secure/,114
https://fampay.in/blog/fampay-raises-4-7m-from-y-combinator-sequoia-venture-highway-others/,248
https://fampay.in/blog/fampays-guide-to-digital-payments-for-teens-important-dos-and-donts/,148
https://fampay.in/blog/why-do-online-payments-get-stuck-and-what-can-you-do/,174
https://fampay.in/blog/author/tiara/,32
https://fampay.in/blog/tag/teens/page/3/,14
https://fampay.in/blog/5-habits-of-highly-successful-teens/,182
https://fampay.in/blog/mental-health-matters-5-things-to-remember-while-in-quarantine/,221
https://fampay.in/blog/top-5-platforms-for-students-to-learn-new-things/,225
https://fampay.in/blog/from-teenage-to-teen-entrepreneurs-make-your-story-inspiring/,218
https://fampay.in/blog/top-4-head-turning-fashion-tips-and-trends-for-the-sassy-gen-z/,255
https://fampay.in/blog/gen-z-gaming-how-to-make-real-money-by-playing-video-games/,221
https://fampay.in/blog/how-to-order-a-famcard-in-less-than-5-minutes/,145
https://fampay.in/blog/teen-bucket-list-10-things-you-must-to-do-in-your-teens/,199
https://fampay.in/blog/tag/teens/page/4/,14
https://fampay.in/blog/tag/parents/,142
https://fampay.in/blog/healthy-wealth-how-can-parents-have-a-healthy-discussion-about-money-with-their-children/,324
https://fampay.in/blog/being-a-digital-parent-tips-to-mentor-everything-digital-that-your-teen-uses/,336
https://fampay.in/blog/top-5-tips-to-communicate-better-with-your-teenager/,198
https://fampay.in/blog/a-to-z-of-teenage-finance-financial-terms-every-parent-should-teach-their-teens/,80
https://fampay.in/blog/cyber-bullying-what-can-you-do-as-a-parent/,196
https://fampay.in/blog/4-ways-to-help-your-teen-learn-to-become-financially-responsible/,309
https://fampay.in/blog/evolution-of-parenting-parent-of-a-millennial-vs-parent-of-a-genz-kid/,290
https://fampay.in/blog/pocket-money-for-teenagers-why-it-matters/,212
https://fampay.in/blog/things-you-must-know-as-a-teens-parent/,312
https://fampay.in/blog/impact-of-social-distancing-on-teen-mental-health/,204
https://fampay.in/blog/tag/parents/page/2/,16
https://fampay.in/blog/bridging-generation-gap-understanding-your-genz-teenager-better/,294
https://fampay.in/blog/tag/news/,121
https://fampay.in/blog/teen-focused-fintech-startup-fampay-raises-38m-in-series-a/,288
https://fampay.in/blog/fampay-is-set-to-launch-indias-first-and-biggest-digi-fest-for-teens/,265
https://fampay.in/blog/zetas-fusion-to-power-fampays-cashless-payments-for-gen-z/,236
https://fampay.in/blog/digital-payments-exploding-in-india-yet-the-tech-savvy-teens-still-stuck-paying-with-cash-survey-by-fampay-indias-first-neobank-for-teenagers/,476
https://fampay.in/blog/this-fintech-startup-by-iit-roorkee-alum-is-giving-teenagers-financial-freedom-responsibly-yourstory/,330
https://fampay.in/blog/fampay-announces-launch-of-indias-first-numberless-card/,227
https://fampay.in/blog/tag/famsays/,106
https://fampay.in/blog/365-days-of-internship-at-fampay/,37
https://fampay.in/blog/how-instagram-reel-can-really-grow-your-brand/,327
https://fampay.in/blog/author/suhani/,34
https://fampay.in/blog/config-variables-changing-system-behaviour-live-in-production/,66
https://fampay.in/blog/author/sameeran/,37
https://fampay.in/blog/a-marketers-guide-to-moment-marketing/,39
https://fampay.in/blog/author/priyanka/,33
https://fampay.in/blog/the-story-behind-fampays-tech-stack/,191
https://fampay.in/blog/famstars-we-stress-less-and-accomplish-more/,82
https://fampay.in/blog/author/saipremtelkar/,34
https://fampay.in/blog/tag/famsays/page/2/,35
https://fampay.in/blog/getting-your-generations-right-millennials-v-s-genz/,186
https://fampay.in/blog/author/sajal/,24
https://fampay.in/blog/effectively-harnessing-motion-design-for-genzs/,145
https://fampay.in/blog/author/hrishikesh/,35
https://fampay.in/blog/writing-content-for-a-content-saturated-generation/,173
https://fampay.in/blog/researching-the-unresearched-genzs/,138
https://fampay.in/blog/author/diya/,33
https://fampay.in/blog/how-to-grow-your-instagram-followers-a-quick-guide-for-all-genz-brands/,150
https://fampay.in/blog/author/tanya/,24
https://fampay.in/blog/tag/famsays/page/3/,35
https://fampay.in/blog/author/charvi/,25
https://fampay.in/blog/living-life-genz-style/,144
https://fampay.in/blog/journey-to-the-centre-of-100k-downloads/,196
https://fampay.in/blog/remote-working-divided-by-distance-united-by-mission/,236
https://fampay.in/blog/tag/community/,274
https://fampay.in/blog/genz-commits-to-fight-covid-19/,189
https://fampay.in/blog/tag/culture/,191
https://fampay.in/blog/12-queer-led-small-businesses-you-need-to-support-this-pride-month/,67
https://fampay.in/blog/tag/growth/,154
https://fampay.in/blog/tag/growth/page/2/,34
https://fampay.in/blog/tag/lifestyle/,116
https://fampay.in/blog/the-most-beautiful-college-campuses-in-india/,46
https://fampay.in/blog/tag/lifestyle/page/2/,37
https://fampay.in/blog/looking-for-financial-independence-as-a-youngster-5-ways-to-earn-while-youre-young/,428
https://fampay.in/blog/want-to-become-a-teenage-influencer-start-here/,272
https://fampay.in/blog/tag/lifestyle/page/3/,37
https://fampay.in/blog/jumpstart-your-career-5-unconventional-career-choices-for-genzs/,241
https://fampay.in/blog/how-to-go-from-awkward-to-awesome-in-your-teens/,204
https://fampay.in/blog/7-cool-insta-dads-of-bollywood/,205
https://fampay.in/blog/tag/pr-news/,78
https://fampay.in/blog/fampay-amongst-linkedins-top-startups-list-2021/,48
https://fampay.in/blog/fampay-partners-with-visa-to-launch-indias-first-doodle-card-for-genz/,70
https://fampay.in/blog/tag/product/,124
https://fampay.in/blog/tag/product/page/2/,35
https://fampay.in/blog/one-stop-solution-for-all-your-kyc-concerns/,174
https://fampay.in/blog/famcard-your-first-prepaid-card/,202
https://fampay.in/blog/fampay-the-solution-to-your-cash-problems/,331
https://fampay.in/blog/tag/tech/,103
https://fampay.in/blog/how-a-pressing-problem-can-lead-to-technological-innovation/,194
https://fampay.in/blog/author/shiv/,31
https://fampay.in/blog/tag/teenpreneurs/,299
https://fampay.in/blog/generation-z-as-global-citizens-can-create-a-revolution/,305
https://fampay.in/blog/author/rida/,34
https://fampay.in/blog/from-the-rough-road-of-failure-to-the-dream-travel-of-success/,165
https://fampay.in/blog/author/chirag-gupta/,31
https://fampay.in/blog/pursuing-my-dream-of-becoming-a-psychologist/,158
https://fampay.in/blog/author/gauri/,33
https://fampay.in/blog/solving-social-problems-through-entrepreneurship/,162
https://fampay.in/blog/author/hitarth/,32
https://fampay.in/blog/from-a-self-taught-programmer-since-age-9-to-becoming-a-ceo-at-15/,260
https://fampay.in/blog/author/advait-thakur/,170
https://fampay.in/blog/creating-protecting-our-future/,130
https://fampay.in/blog/author/kavya/,30
https://fampay.in/blog/my-journey-into-the-world-of-art/,136
https://fampay.in/blog/author/anshika/,31
https://fampay.in/blog/the-journey-to-my-passion/,186
https://fampay.in/blog/author/mehak/,29
https://fampay.in/blog/how-i-blurred-age-barriers-with-technology/,178
https://fampay.in/blog/author/aadithyan/,35
https://fampay.in/blog/how-to-clean-up-your-android-apps-dependencies-the-ultimate-guide-2/,67
https://fampay.in/blog/author/fampay/,30
https://fampay.in/blog/author/fampay/page/2/,39
https://fampay.in/blog/author/fampay/page/3/,39
https://fampay.in/blog/author/fampay/page/4/,39
https://fampay.in/blog/discover-fampays-engagement-service-missions-3/,46
https://fampay.in/blog/implementing-an-in-memory-queue/,35
https://fampay.in/blog/covid-19-vaccination-as-a-teen-a-guide/,53
https://fampay.in/blog/why-vaccination-a-guide-to-vaccination-for-teens-in-india/,308
https://fampay.in/blog/study-habits-that-are-simple-and-highly-effective/,51
https://fampay.in/blog/how-to-save-those-extra-bucks-while-shopping/,46
https://fampay.in/blog/teen-fashion-trends-that-we-love/,56
https://fampay.in/blog/how-to-build-your-resume-and-portfolio-right-from-school/,44
https://fampay.in/blog/productivity-hacks-for-teens-this-will-change-your-life/,64
https://fampay.in/blog/page/2/,25
https://fampay.in/blog/page/3/,25
https://fampay.in/blog/page/4/,25
https://fampay.in/blog/page/5/,25
https://fampay.in/careers,202
https://fampay.in/partner,202
https://fampay.in/friends,202
https://fampay.in/faqs,189
https://fampay.in/blog/,188
https://fampay.in/press,202
https://fampay.in/privacy,202
https://fampay.in/terms,202
https://fampay.in/contact,202
