Link,Response Time
https://famapp.in/,0.08234357833862305
https://famcard.me/,0.24930858612060547
https://fampay.in/,0.28399181365966797
https://fampay.in/about,0.24125266075134277
https://fampay.in/blog,0.4287135601043701
https://fampay.in/blog/tag/teens/,0.3643529415130615
https://fampay.in/blog/decor-ideas-that-would-transform-your-room-at-home-or-hostel/,0.3238086700439453
https://fampay.in/blog/social-commerce-making-money-just-through-social-media/,0.3596487045288086
https://fampay.in/blog/perks-of-using-the-famcard-me/,0.26538753509521484
https://fampay.in/blog/13-boredom-busters-for-teens/,0.30014777183532715
https://fampay.in/blog/how-can-teens-open-shops-on-instagram/,0.2857801914215088
https://fampay.in/blog/author/arohi/,0.28379201889038086
https://fampay.in/blog/tag/teens/page/2/,0.4078552722930908
https://fampay.in/blog/tag/parents/,0.3299264907836914
https://fampay.in/blog/healthy-wealth-how-can-parents-have-a-healthy-discussion-about-money-with-their-children/,0.26125407218933105
https://fampay.in/blog/being-a-digital-parent-tips-to-mentor-everything-digital-that-your-teen-uses/,0.31758999824523926
https://fampay.in/blog/top-5-tips-to-communicate-better-with-your-teenager/,0.2907099723815918
https://fampay.in/blog/a-to-z-of-teenage-finance-financial-terms-every-parent-should-teach-their-teens/,0.2876155376434326
https://fampay.in/blog/cyber-bullying-what-can-you-do-as-a-parent/,0.2576601505279541
https://fampay.in/blog/4-ways-to-help-your-teen-learn-to-become-financially-responsible/,0.2771565914154053
https://fampay.in/blog/evolution-of-parenting-parent-of-a-millennial-vs-parent-of-a-genz-kid/,0.28128528594970703
https://fampay.in/blog/pocket-money-for-teenagers-why-it-matters/,0.25999975204467773
https://fampay.in/blog/things-you-must-know-as-a-teens-parent/,0.2921133041381836
https://fampay.in/blog/impact-of-social-distancing-on-teen-mental-health/,0.27573180198669434
https://fampay.in/blog/tag/parents/page/2/,0.303389310836792
https://fampay.in/blog/tag/news/,0.29389262199401855
https://fampay.in/blog/teen-focused-fintech-startup-fampay-raises-38m-in-series-a/,0.2941420078277588
https://fampay.in/blog/fampay-is-set-to-launch-indias-first-and-biggest-digi-fest-for-teens/,0.28412604331970215
https://fampay.in/blog/zetas-fusion-to-power-fampays-cashless-payments-for-gen-z/,0.2868061065673828
https://fampay.in/blog/digital-payments-exploding-in-india-yet-the-tech-savvy-teens-still-stuck-paying-with-cash-survey-by-fampay-indias-first-neobank-for-teenagers/,0.2967112064361572
https://fampay.in/blog/this-fintech-startup-by-iit-roorkee-alum-is-giving-teenagers-financial-freedom-responsibly-yourstory/,0.26949262619018555
https://fampay.in/blog/fampay-announces-launch-of-indias-first-numberless-card/,0.29308462142944336
https://fampay.in/blog/fampay-raises-4-7m-from-y-combinator-sequoia-venture-highway-others/,0.2818758487701416
https://fampay.in/blog/tag/famsays/,0.31673145294189453
https://fampay.in/blog/a-practical-guide-to-app-store-optimization/,0.3231632709503174
https://fampay.in/blog/author/garvita/,0.26679086685180664
https://fampay.in/blog/365-days-of-internship-at-fampay/,0.26625847816467285
https://fampay.in/blog/how-instagram-reel-can-really-grow-your-brand/,0.29186320304870605
https://famapp.in/,0.10703086853027344
https://famcard.me/,0.24074673652648926
https://fampay.in/,0.25093579292297363
https://fampay.in/about,0.21534371376037598
https://fampay.in/blog,0.6367230415344238
https://fampay.in/blog/tag/teens/,0.48627734184265137
https://fampay.in/blog/decor-ideas-that-would-transform-your-room-at-home-or-hostel/,0.3204967975616455
https://fampay.in/blog/social-commerce-making-money-just-through-social-media/,0.31435632705688477
https://fampay.in/blog/perks-of-using-the-famcard-me/,0.3005990982055664
https://fampay.in/blog/13-boredom-busters-for-teens/,0.3450601100921631
https://fampay.in/blog/how-can-teens-open-shops-on-instagram/,0.31703948974609375
https://fampay.in/blog/author/arohi/,0.2525482177734375
https://fampay.in/blog/tag/teens/page/2/,0.3663291931152344
https://fampay.in/blog/tag/parents/,0.30399608612060547
https://fampay.in/blog/healthy-wealth-how-can-parents-have-a-healthy-discussion-about-money-with-their-children/,0.31198763847351074
https://fampay.in/blog/being-a-digital-parent-tips-to-mentor-everything-digital-that-your-teen-uses/,0.2782318592071533
https://fampay.in/blog/top-5-tips-to-communicate-better-with-your-teenager/,0.31230688095092773
https://fampay.in/blog/a-to-z-of-teenage-finance-financial-terms-every-parent-should-teach-their-teens/,0.3628714084625244
https://fampay.in/blog/cyber-bullying-what-can-you-do-as-a-parent/,0.31438541412353516
https://fampay.in/blog/4-ways-to-help-your-teen-learn-to-become-financially-responsible/,0.3173198699951172
https://fampay.in/blog/evolution-of-parenting-parent-of-a-millennial-vs-parent-of-a-genz-kid/,0.3870656490325928
https://fampay.in/blog/pocket-money-for-teenagers-why-it-matters/,0.3234281539916992
https://fampay.in/blog/things-you-must-know-as-a-teens-parent/,0.27793216705322266
https://fampay.in/blog/impact-of-social-distancing-on-teen-mental-health/,0.33785223960876465
https://fampay.in/blog/tag/parents/page/2/,0.2871689796447754
https://fampay.in/blog/tag/news/,0.2979466915130615
https://fampay.in/blog/teen-focused-fintech-startup-fampay-raises-38m-in-series-a/,0.29206371307373047
https://fampay.in/blog/fampay-is-set-to-launch-indias-first-and-biggest-digi-fest-for-teens/,0.25709056854248047
https://fampay.in/blog/zetas-fusion-to-power-fampays-cashless-payments-for-gen-z/,0.3961305618286133
https://fampay.in/blog/digital-payments-exploding-in-india-yet-the-tech-savvy-teens-still-stuck-paying-with-cash-survey-by-fampay-indias-first-neobank-for-teenagers/,0.27127695083618164
https://fampay.in/blog/this-fintech-startup-by-iit-roorkee-alum-is-giving-teenagers-financial-freedom-responsibly-yourstory/,0.2627403736114502
https://fampay.in/blog/fampay-announces-launch-of-indias-first-numberless-card/,0.2701914310455322
https://fampay.in/blog/fampay-raises-4-7m-from-y-combinator-sequoia-venture-highway-others/,0.27042555809020996
https://fampay.in/blog/tag/famsays/,0.3140401840209961
https://fampay.in/blog/a-practical-guide-to-app-store-optimization/,0.277477502822876
https://fampay.in/blog/author/garvita/,0.29091477394104004
https://fampay.in/blog/365-days-of-internship-at-fampay/,0.2772538661956787
https://fampay.in/blog/how-instagram-reel-can-really-grow-your-brand/,0.27711915969848633
https://fampay.in/blog/author/suhani/,0.2582125663757324
https://fampay.in/blog/config-variables-changing-system-behaviour-live-in-production/,0.27027034759521484
https://fampay.in/blog/author/sameeran/,0.23253345489501953
https://fampay.in/blog/a-marketers-guide-to-moment-marketing/,0.30051207542419434
https://fampay.in/blog/author/priyanka/,0.2499091625213623
https://fampay.in/blog/the-story-behind-fampays-tech-stack/,0.2836434841156006
https://fampay.in/blog/famstars-we-stress-less-and-accomplish-more/,0.3069605827331543
https://fampay.in/blog/author/saipremtelkar/,0.2979905605316162
https://fampay.in/blog/tag/famsays/page/2/,0.3108251094818115
https://fampay.in/blog/tag/community/,0.2736368179321289
https://fampay.in/blog/genz-commits-to-fight-covid-19/,0.2994530200958252
https://fampay.in/blog/life-of-an-intern-is-love/,0.2970716953277588
https://fampay.in/blog/author/ayushi/,0.2644991874694824
https://fampay.in/blog/tag/culture/,0.39460277557373047
https://fampay.in/blog/12-queer-led-small-businesses-you-need-to-support-this-pride-month/,0.3114936351776123
https://fampay.in/blog/3-financial-lessons-from-nature-itself/,0.3152480125427246
https://fampay.in/blog/living-life-genz-style/,0.3538482189178467
https://fampay.in/blog/remote-working-divided-by-distance-united-by-mission/,0.30135226249694824
https://fampay.in/blog/tag/growth/,0.3368866443634033
https://fampay.in/blog/getting-your-generations-right-millennials-v-s-genz/,0.284970760345459
https://fampay.in/blog/author/sajal/,0.30608272552490234
https://fampay.in/blog/when-building-for-genzs-build-it-on-discord/,0.30982208251953125
https://fampay.in/blog/author/aditi/,0.3727555274963379
https://fampay.in/blog/club-teens-one-stop-online-community/,0.2974839210510254
https://fampay.in/blog/author/kaavyya/,0.32548093795776367
https://fampay.in/blog/effectively-harnessing-motion-design-for-genzs/,0.30776524543762207
https://fampay.in/blog/author/hrishikesh/,0.2748560905456543
https://fampay.in/blog/writing-content-for-a-content-saturated-generation/,0.2839629650115967
https://fampay.in/blog/author/diya/,0.2770857810974121
https://fampay.in/blog/how-to-grow-your-instagram-followers-a-quick-guide-for-all-genz-brands/,0.31714463233947754
https://fampay.in/blog/author/tanya/,0.27584004402160645
https://fampay.in/blog/researching-the-unresearched-genzs/,0.29927968978881836
https://fampay.in/blog/author/charvi/,0.28661060333251953
https://fampay.in/blog/tag/growth/page/2/,0.3458559513092041
https://fampay.in/blog/tag/lifestyle/,1.3188014030456543
https://fampay.in/blog/the-most-beautiful-college-campuses-in-india/,0.33182191848754883
https://fampay.in/blog/every-little-thing-counts-ways-in-which-you-can-contribute-to-society-as-a-teenager/,0.40822458267211914
https://fampay.in/blog/tag/lifestyle/page/2/,0.34363818168640137
https://fampay.in/blog/tag/pr-news/,0.3293423652648926
https://fampay.in/blog/fampay-amongst-linkedins-top-startups-list-2021/,0.2695753574371338
https://fampay.in/blog/fampay-partners-with-visa-to-launch-indias-first-doodle-card-for-genz/,0.3278374671936035
https://fampay.in/blog/tag/product/,0.31029701232910156
https://fampay.in/blog/guide-for-seeking-support-from-fampay-important-dos-and-donts/,0.28018903732299805
https://fampay.in/blog/7-clever-saving-hacks-for-teenagers-this-will-save-you-a-fortune/,0.2905769348144531
https://fampay.in/blog/what-are-the-perks-of-using-fampay/,0.3275938034057617
https://fampay.in/blog/author/ritwick/,0.26979875564575195
https://fampay.in/blog/curious-about-famcard-heres-everything-to-know/,0.27706074714660645
https://fampay.in/blog/author/shifa/,0.26566576957702637
https://fampay.in/blog/what-makes-fampay-secure/,0.26914358139038086
https://fampay.in/blog/fampays-guide-to-digital-payments-for-teens-important-dos-and-donts/,0.2884860038757324
https://fampay.in/blog/why-do-online-payments-get-stuck-and-what-can-you-do/,0.2850461006164551
https://fampay.in/blog/author/tiara/,0.2955052852630615
https://fampay.in/blog/how-to-order-a-famcard-in-less-than-5-minutes/,0.3221626281738281
https://fampay.in/blog/tag/product/page/2/,0.30905914306640625
https://fampay.in/blog/tag/tech/,0.31917285919189453
https://fampay.in/blog/how-a-pressing-problem-can-lead-to-technological-innovation/,0.3061177730560303
https://fampay.in/blog/author/shiv/,0.2712442874908447
https://fampay.in/blog/tag/teenpreneurs/,0.2847909927368164
https://fampay.in/blog/how-i-blurred-age-barriers-with-technology/,0.2864558696746826
https://fampay.in/blog/author/aadithyan/,0.24777460098266602
https://fampay.in/blog/how-to-clean-up-your-android-apps-dependencies-the-ultimate-guide-2/,0.33071422576904297
https://wa.me/?text=How%20to%20Clean%20Up%20Your%20Android%20App's%20Dependencies%3A%20The%20Ultimate%20Guide%20https://fampay.in/blog/how-to-clean-up-your-android-apps-dependencies-the-ultimate-guide-2/,1.3590879440307617
https://www.facebook.com/sharer/sharer.php?u=https://fampay.in/blog/how-to-clean-up-your-android-apps-dependencies-the-ultimate-guide-2/,1.040440320968628
https://twitter.com/intent/tweet?text=How%20to%20Clean%20Up%20Your%20Android%20App's%20Dependencies%3A%20The%20Ultimate%20Guide&url=https://fampay.in/blog/how-to-clean-up-your-android-apps-dependencies-the-ultimate-guide-2/,1.0650250911712646
https://facebook.com/fampay.in/,1.1160056591033936
https://famapp.in/,0.08187723159790039
https://famcard.me/,0.27783703804016113
https://fampay.in/,0.20825791358947754
https://fampay.in/about,0.22417593002319336
https://fampay.in/blog,0.4353508949279785
https://fampay.in/blog/tag/teens/,0.3970930576324463
https://fampay.in/blog/decor-ideas-that-would-transform-your-room-at-home-or-hostel/,0.37894344329833984
https://fampay.in/blog/social-commerce-making-money-just-through-social-media/,0.28792619705200195
https://fampay.in/blog/perks-of-using-the-famcard-me/,0.2851104736328125
https://fampay.in/blog/13-boredom-busters-for-teens/,0.3259003162384033
https://fampay.in/blog/how-can-teens-open-shops-on-instagram/,0.29074573516845703
https://fampay.in/blog/author/arohi/,0.27396202087402344
https://fampay.in/blog/tag/teens/page/2/,0.32595252990722656
https://fampay.in/blog/tag/parents/,0.3266167640686035
https://fampay.in/blog/healthy-wealth-how-can-parents-have-a-healthy-discussion-about-money-with-their-children/,0.2889409065246582
https://fampay.in/blog/being-a-digital-parent-tips-to-mentor-everything-digital-that-your-teen-uses/,0.2902200222015381
https://fampay.in/blog/top-5-tips-to-communicate-better-with-your-teenager/,0.26839137077331543
https://fampay.in/blog/a-to-z-of-teenage-finance-financial-terms-every-parent-should-teach-their-teens/,0.26178812980651855
https://fampay.in/blog/cyber-bullying-what-can-you-do-as-a-parent/,0.2803843021392822
https://fampay.in/blog/4-ways-to-help-your-teen-learn-to-become-financially-responsible/,0.26902079582214355
https://fampay.in/blog/evolution-of-parenting-parent-of-a-millennial-vs-parent-of-a-genz-kid/,0.26516008377075195
https://fampay.in/blog/pocket-money-for-teenagers-why-it-matters/,0.262056827545166
https://fampay.in/blog/things-you-must-know-as-a-teens-parent/,0.27398180961608887
https://fampay.in/blog/impact-of-social-distancing-on-teen-mental-health/,0.2968430519104004
https://fampay.in/blog/tag/parents/page/2/,0.27012109756469727
https://fampay.in/blog/tag/news/,0.29384708404541016
https://fampay.in/blog/teen-focused-fintech-startup-fampay-raises-38m-in-series-a/,0.31534910202026367
https://fampay.in/blog/fampay-is-set-to-launch-indias-first-and-biggest-digi-fest-for-teens/,0.2746551036834717
https://fampay.in/blog/zetas-fusion-to-power-fampays-cashless-payments-for-gen-z/,0.3177638053894043
https://fampay.in/blog/digital-payments-exploding-in-india-yet-the-tech-savvy-teens-still-stuck-paying-with-cash-survey-by-fampay-indias-first-neobank-for-teenagers/,0.3155710697174072
https://fampay.in/blog/this-fintech-startup-by-iit-roorkee-alum-is-giving-teenagers-financial-freedom-responsibly-yourstory/,0.2610626220703125
https://fampay.in/blog/fampay-announces-launch-of-indias-first-numberless-card/,0.2902662754058838
https://fampay.in/blog/fampay-raises-4-7m-from-y-combinator-sequoia-venture-highway-others/,0.2884814739227295
https://fampay.in/blog/tag/famsays/,0.32506608963012695
https://fampay.in/blog/a-practical-guide-to-app-store-optimization/,0.29306888580322266
https://fampay.in/blog/author/garvita/,0.24845314025878906
https://fampay.in/blog/365-days-of-internship-at-fampay/,0.2589759826660156
https://fampay.in/blog/how-instagram-reel-can-really-grow-your-brand/,0.27301692962646484
https://fampay.in/blog/author/suhani/,0.26860809326171875
https://fampay.in/blog/config-variables-changing-system-behaviour-live-in-production/,0.2689688205718994
https://fampay.in/blog/author/sameeran/,0.2700812816619873
https://fampay.in/blog/a-marketers-guide-to-moment-marketing/,0.26993417739868164
https://fampay.in/blog/author/priyanka/,0.26125669479370117
https://fampay.in/blog/the-story-behind-fampays-tech-stack/,0.29495906829833984
https://fampay.in/blog/famstars-we-stress-less-and-accomplish-more/,0.29155921936035156
https://fampay.in/blog/author/saipremtelkar/,0.2738220691680908
https://fampay.in/blog/tag/famsays/page/2/,0.32472848892211914
https://fampay.in/blog/tag/community/,0.31238627433776855
https://fampay.in/blog/genz-commits-to-fight-covid-19/,0.29556846618652344
https://fampay.in/blog/life-of-an-intern-is-love/,0.2660079002380371
https://fampay.in/blog/author/ayushi/,0.24538373947143555
https://fampay.in/blog/tag/culture/,0.30786895751953125
https://fampay.in/blog/12-queer-led-small-businesses-you-need-to-support-this-pride-month/,0.33180856704711914
https://fampay.in/blog/3-financial-lessons-from-nature-itself/,0.2600083351135254
https://fampay.in/blog/living-life-genz-style/,0.273270845413208
https://fampay.in/blog/remote-working-divided-by-distance-united-by-mission/,0.29877138137817383
https://fampay.in/blog/tag/growth/,0.33757758140563965
https://fampay.in/blog/getting-your-generations-right-millennials-v-s-genz/,0.27642011642456055
https://fampay.in/blog/author/sajal/,0.27092862129211426
https://fampay.in/blog/when-building-for-genzs-build-it-on-discord/,0.3074381351470947
https://fampay.in/blog/author/aditi/,0.3166036605834961
https://fampay.in/blog/club-teens-one-stop-online-community/,0.3193507194519043
https://fampay.in/blog/author/kaavyya/,0.25890278816223145
https://fampay.in/blog/effectively-harnessing-motion-design-for-genzs/,0.26819705963134766
https://fampay.in/blog/author/hrishikesh/,0.24476122856140137
https://fampay.in/blog/writing-content-for-a-content-saturated-generation/,0.30397891998291016
https://fampay.in/blog/author/diya/,0.2563037872314453
https://fampay.in/blog/how-to-grow-your-instagram-followers-a-quick-guide-for-all-genz-brands/,0.2559225559234619
https://fampay.in/blog/author/tanya/,0.2408008575439453
https://fampay.in/blog/researching-the-unresearched-genzs/,0.2940356731414795
https://fampay.in/blog/author/charvi/,0.27824902534484863
https://fampay.in/blog/tag/growth/page/2/,0.28188276290893555
https://fampay.in/blog/tag/lifestyle/,0.3378946781158447
https://fampay.in/blog/the-most-beautiful-college-campuses-in-india/,0.2631986141204834
https://fampay.in/blog/every-little-thing-counts-ways-in-which-you-can-contribute-to-society-as-a-teenager/,0.26302194595336914
https://fampay.in/blog/tag/lifestyle/page/2/,0.3175930976867676
https://fampay.in/blog/tag/pr-news/,0.29891180992126465
https://fampay.in/blog/fampay-amongst-linkedins-top-startups-list-2021/,0.2771725654602051
https://fampay.in/blog/fampay-partners-with-visa-to-launch-indias-first-doodle-card-for-genz/,0.2634885311126709
https://fampay.in/blog/tag/product/,0.28278088569641113
https://fampay.in/blog/guide-for-seeking-support-from-fampay-important-dos-and-donts/,0.3023383617401123
https://fampay.in/blog/7-clever-saving-hacks-for-teenagers-this-will-save-you-a-fortune/,0.28427815437316895
https://fampay.in/blog/what-are-the-perks-of-using-fampay/,0.25974249839782715
https://fampay.in/blog/author/ritwick/,0.27698516845703125
https://fampay.in/blog/curious-about-famcard-heres-everything-to-know/,0.3310842514038086
https://fampay.in/blog/author/shifa/,0.2910728454589844
https://fampay.in/blog/what-makes-fampay-secure/,0.2686591148376465
https://fampay.in/blog/fampays-guide-to-digital-payments-for-teens-important-dos-and-donts/,0.2919657230377197
https://fampay.in/blog/why-do-online-payments-get-stuck-and-what-can-you-do/,0.25904393196105957
https://fampay.in/blog/author/tiara/,0.3696599006652832
https://fampay.in/blog/how-to-order-a-famcard-in-less-than-5-minutes/,0.2521021366119385
https://fampay.in/blog/tag/product/page/2/,0.26085710525512695
https://fampay.in/blog/tag/tech/,0.29518938064575195
https://fampay.in/blog/how-a-pressing-problem-can-lead-to-technological-innovation/,0.3124125003814697
https://fampay.in/blog/author/shiv/,0.33115124702453613
https://fampay.in/blog/tag/teenpreneurs/,0.29253482818603516
https://fampay.in/blog/how-i-blurred-age-barriers-with-technology/,0.3154628276824951
https://fampay.in/blog/author/aadithyan/,0.2667708396911621
https://fampay.in/blog/how-to-clean-up-your-android-apps-dependencies-the-ultimate-guide-2/,0.29567456245422363
https://wa.me/?text=How%20to%20Clean%20Up%20Your%20Android%20App's%20Dependencies%3A%20The%20Ultimate%20Guide%20https://fampay.in/blog/how-to-clean-up-your-android-apps-dependencies-the-ultimate-guide-2/,1.0102896690368652
https://www.facebook.com/sharer/sharer.php?u=https://fampay.in/blog/how-to-clean-up-your-android-apps-dependencies-the-ultimate-guide-2/,0.9876093864440918
https://twitter.com/intent/tweet?text=How%20to%20Clean%20Up%20Your%20Android%20App's%20Dependencies%3A%20The%20Ultimate%20Guide&url=https://fampay.in/blog/how-to-clean-up-your-android-apps-dependencies-the-ultimate-guide-2/,1.0461816787719727
https://facebook.com/fampay.in/,0.6352541446685791
https://fampay.in/blog/author/fampay/,0.3195955753326416
https://fampay.in/blog/author/fampay/page/2/,0.32950472831726074
https://fampay.in/blog/discover-fampays-engagement-service-missions-3/,0.429213285446167
https://wa.me/?text=Discover%20FamPay's%20Engagement%20Service%3A%20Missions%20https://fampay.in/blog/discover-fampays-engagement-service-missions-3/,1.6135272979736328
https://www.facebook.com/sharer/sharer.php?u=https://fampay.in/blog/discover-fampays-engagement-service-missions-3/,0.9942550659179688
https://twitter.com/intent/tweet?text=Discover%20FamPay's%20Engagement%20Service%3A%20Missions&url=https://fampay.in/blog/discover-fampays-engagement-service-missions-3/,1.1281089782714844
https://fampay.in/blog/implementing-an-in-memory-queue/,0.2774484157562256
https://wa.me/?text=Implementing%20an%20In-memory%20Queue%20%F0%9F%A7%91%E2%80%8D%F0%9F%92%BB%20https://fampay.in/blog/implementing-an-in-memory-queue/,1.0739061832427979
https://www.facebook.com/sharer/sharer.php?u=https://fampay.in/blog/implementing-an-in-memory-queue/,1.1339442729949951
https://twitter.com/intent/tweet?text=Implementing%20an%20In-memory%20Queue%20%F0%9F%A7%91%E2%80%8D%F0%9F%92%BB&url=https://fampay.in/blog/implementing-an-in-memory-queue/,1.1776552200317383
https://fampay.in/blog/covid-19-vaccination-as-a-teen-a-guide/,0.34151196479797363
https://wa.me/?text=Covid-19%20Vaccination%20for%20teens%2C%20a%20step-by-step%20guide%F0%9F%92%89%20https://fampay.in/blog/covid-19-vaccination-as-a-teen-a-guide/,1.0582129955291748
https://www.facebook.com/sharer/sharer.php?u=https://fampay.in/blog/covid-19-vaccination-as-a-teen-a-guide/,1.2529997825622559
https://twitter.com/intent/tweet?text=Covid-19%20Vaccination%20for%20teens%2C%20a%20step-by-step%20guide%F0%9F%92%89&url=https://fampay.in/blog/covid-19-vaccination-as-a-teen-a-guide/,1.2155303955078125
https://fampay.in/blog/why-vaccination-a-guide-to-vaccination-for-teens-in-india/,0.298281192779541
https://wa.me/?text=Why%20Vaccination%3F%F0%9F%92%89%20-%20A%20guide%20to%20vaccination%20for%20teens%20in%20India%20https://fampay.in/blog/why-vaccination-a-guide-to-vaccination-for-teens-in-india/,1.144672155380249
https://www.facebook.com/sharer/sharer.php?u=https://fampay.in/blog/why-vaccination-a-guide-to-vaccination-for-teens-in-india/,1.1713521480560303
https://twitter.com/intent/tweet?text=Why%20Vaccination%3F%F0%9F%92%89%20-%20A%20guide%20to%20vaccination%20for%20teens%20in%20India&url=https://fampay.in/blog/why-vaccination-a-guide-to-vaccination-for-teens-in-india/,1.1306922435760498
https://fampay.in/blog/study-habits-that-are-simple-and-highly-effective/,0.34003543853759766
https://wa.me/?text=Study%20habits%20that%20are%20simple%20and%20highly%20effective%20%F0%9F%93%9A%20https://fampay.in/blog/study-habits-that-are-simple-and-highly-effective/,1.0866317749023438
https://www.facebook.com/sharer/sharer.php?u=https://fampay.in/blog/study-habits-that-are-simple-and-highly-effective/,1.0071160793304443
https://twitter.com/intent/tweet?text=Study%20habits%20that%20are%20simple%20and%20highly%20effective%20%F0%9F%93%9A&url=https://fampay.in/blog/study-habits-that-are-simple-and-highly-effective/,1.1935093402862549
https://fampay.in/blog/how-to-save-those-extra-bucks-while-shopping/,0.27466297149658203
https://wa.me/?text=How%20to%20save%20those%20extra%20bucks%20while%20shopping%20%F0%9F%8F%AC%20https://fampay.in/blog/how-to-save-those-extra-bucks-while-shopping/,0.7305338382720947
https://www.facebook.com/sharer/sharer.php?u=https://fampay.in/blog/how-to-save-those-extra-bucks-while-shopping/,0.9769363403320312
https://twitter.com/intent/tweet?text=How%20to%20save%20those%20extra%20bucks%20while%20shopping%20%F0%9F%8F%AC&url=https://fampay.in/blog/how-to-save-those-extra-bucks-while-shopping/,1.125920295715332
https://fampay.in/blog/teen-fashion-trends-that-we-love/,0.28687334060668945
https://wa.me/?text=Teen%20fashion%20trends%20that%20you%20really%20don't%20want%20to%20miss%F0%9F%91%95%F0%9F%98%8D%20https://fampay.in/blog/teen-fashion-trends-that-we-love/,1.0333640575408936
https://www.facebook.com/sharer/sharer.php?u=https://fampay.in/blog/teen-fashion-trends-that-we-love/,0.977616548538208
https://twitter.com/intent/tweet?text=Teen%20fashion%20trends%20that%20you%20really%20don't%20want%20to%20miss%F0%9F%91%95%F0%9F%98%8D&url=https://fampay.in/blog/teen-fashion-trends-that-we-love/,1.1589789390563965
https://fampay.in/blog/how-to-build-your-resume-and-portfolio-right-from-school/,0.3312687873840332
https://wa.me/?text=How%20to%20build%20your%20resume%20right%20from%20school%20%F0%9F%9A%80%20https://fampay.in/blog/how-to-build-your-resume-and-portfolio-right-from-school/,0.8285119533538818
https://www.facebook.com/sharer/sharer.php?u=https://fampay.in/blog/how-to-build-your-resume-and-portfolio-right-from-school/,0.9875228404998779
https://twitter.com/intent/tweet?text=How%20to%20build%20your%20resume%20right%20from%20school%20%F0%9F%9A%80&url=https://fampay.in/blog/how-to-build-your-resume-and-portfolio-right-from-school/,1.1628479957580566
https://fampay.in/blog/productivity-hacks-for-teens-this-will-change-your-life/,1.376394510269165
https://wa.me/?text=Productivity%20hacks%20for%20teens%20-%20Easy%20habits%20to%20upgrade%20your%20life%F0%9F%8E%AF%20https://fampay.in/blog/productivity-hacks-for-teens-this-will-change-your-life/,1.5229074954986572
https://www.facebook.com/sharer/sharer.php?u=https://fampay.in/blog/productivity-hacks-for-teens-this-will-change-your-life/,0.9529893398284912
https://twitter.com/intent/tweet?text=Productivity%20hacks%20for%20teens%20-%20Easy%20habits%20to%20upgrade%20your%20life%F0%9F%8E%AF&url=https://fampay.in/blog/productivity-hacks-for-teens-this-will-change-your-life/,1.1373565196990967
https://fampay.in/blog/page/2/,0.3043973445892334
https://fampay.in/blog/page/3/,0.5865933895111084
https://www.instagram.com/fampay.in/,1.2446410655975342
https://www.linkedin.com/company/fampay/,0.28159475326538086
https://fampay.in/careers,0.24834990501403809
https://www.instagram.com/lifeatfam/,1.1668176651000977
https://www.instagram.com/designatfampay/,0.6660010814666748
https://fampay.in/partner,0.20113301277160645
https://fampay.in/faqs,0.2589254379272461
https://fampay.in/blog/,0.3239262104034424
https://fampay.in/press,0.21088600158691406
https://fampay.in/privacy,0.1808452606201172
https://fampay.in/terms,0.2119302749633789
https://fampay.in/contact,0.2089252471923828
https://famapp.in/about,0.06246638298034668
https://famapp.in/blog,0.25483179092407227
https://famapp.in/blog/tag/community/,0.14596843719482422
https://famapp.in/blog/13-boredom-busters-for-teens/,0.1506657600402832
https://wa.me/?text=13%20Things%20to%20do%20when%20you're%20bored%20-%20Boredom%20busters%20for%20teens%20%F0%9F%A4%B3%20https://fampay.in/blog/13-boredom-busters-for-teens/,1.0759143829345703
https://www.facebook.com/sharer/sharer.php?u=https://fampay.in/blog/13-boredom-busters-for-teens/,1.0777924060821533
https://twitter.com/intent/tweet?text=13%20Things%20to%20do%20when%20you're%20bored%20-%20Boredom%20busters%20for%20teens%20%F0%9F%A4%B3&url=https://fampay.in/blog/13-boredom-busters-for-teens/,1.0562448501586914
https://famapp.in/blog/social-commerce-making-money-just-through-social-media/,0.21004867553710938
https://wa.me/?text=Social%20Commerce%20-%20Making%20Money%20just%20through%20Social%20Media!%20%F0%9F%92%B8%20https://fampay.in/blog/social-commerce-making-money-just-through-social-media/,1.1020572185516357
https://www.facebook.com/sharer/sharer.php?u=https://fampay.in/blog/social-commerce-making-money-just-through-social-media/,1.0824472904205322
https://twitter.com/intent/tweet?text=Social%20Commerce%20-%20Making%20Money%20just%20through%20Social%20Media!%20%F0%9F%92%B8&url=https://fampay.in/blog/social-commerce-making-money-just-through-social-media/,1.0530579090118408
https://famapp.in/blog/how-can-teens-open-shops-on-instagram/,0.22779417037963867
https://wa.me/?text=It's%20time%20for%20teens%20to%20open%20shop%20on%20Instagram!%20%F0%9F%9B%8D%EF%B8%8F%20https://fampay.in/blog/how-can-teens-open-shops-on-instagram/,1.0848803520202637
https://www.facebook.com/sharer/sharer.php?u=https://fampay.in/blog/how-can-teens-open-shops-on-instagram/,0.9917862415313721
https://twitter.com/intent/tweet?text=It's%20time%20for%20teens%20to%20open%20shop%20on%20Instagram!%20%F0%9F%9B%8D%EF%B8%8F&url=https://fampay.in/blog/how-can-teens-open-shops-on-instagram/,1.0368566513061523
https://famapp.in/blog/genz-commits-to-fight-covid-19/,0.1240079402923584
https://wa.me/?text=GenZs%20commit%20to%20fight%20Covid-19%20%F0%9F%8E%AF%20https://fampay.in/blog/genz-commits-to-fight-covid-19/,0.7268893718719482
https://www.facebook.com/sharer/sharer.php?u=https://fampay.in/blog/genz-commits-to-fight-covid-19/,1.00113844871521
https://twitter.com/intent/tweet?text=GenZs%20commit%20to%20fight%20Covid-19%20%F0%9F%8E%AF&url=https://fampay.in/blog/genz-commits-to-fight-covid-19/,1.0601325035095215
https://famapp.in/blog/life-of-an-intern-is-love/,0.15773320198059082
https://wa.me/?text=Life%20of%20an%20Intern%20is%20Love%20%F0%9F%98%8D%20https://fampay.in/blog/life-of-an-intern-is-love/,1.5901005268096924
https://www.facebook.com/sharer/sharer.php?u=https://fampay.in/blog/life-of-an-intern-is-love/,0.9519562721252441
https://twitter.com/intent/tweet?text=Life%20of%20an%20Intern%20is%20Love%20%F0%9F%98%8D&url=https://fampay.in/blog/life-of-an-intern-is-love/,1.0710222721099854
https://famapp.in/blog/tag/culture/,0.21709918975830078
https://famapp.in/blog/12-queer-led-small-businesses-you-need-to-support-this-pride-month/,0.15411829948425293
https://wa.me/?text=12%20Queer-led%20Small%20Businesses%20You%20Need%20To%20Support%20This%20Pride%20Month%F0%9F%8C%88%20https://fampay.in/blog/12-queer-led-small-businesses-you-need-to-support-this-pride-month/,1.0946881771087646
https://www.facebook.com/sharer/sharer.php?u=https://fampay.in/blog/12-queer-led-small-businesses-you-need-to-support-this-pride-month/,1.2130873203277588
https://twitter.com/intent/tweet?text=12%20Queer-led%20Small%20Businesses%20You%20Need%20To%20Support%20This%20Pride%20Month%F0%9F%8C%88&url=https://fampay.in/blog/12-queer-led-small-businesses-you-need-to-support-this-pride-month/,1.0367145538330078
https://famapp.in/blog/famstars-we-stress-less-and-accomplish-more/,0.12355732917785645
https://wa.me/?text=We%20stress%20less%20and%20accomplish%20more%3A%20A%20guide%20on%20how%20we%20get%20things%20done%20at%20FamPay!%20%F0%9F%99%8C%20https://fampay.in/blog/famstars-we-stress-less-and-accomplish-more/,0.9276058673858643
https://www.facebook.com/sharer/sharer.php?u=https://fampay.in/blog/famstars-we-stress-less-and-accomplish-more/,1.1758456230163574
https://twitter.com/intent/tweet?text=We%20stress%20less%20and%20accomplish%20more%3A%20A%20guide%20on%20how%20we%20get%20things%20done%20at%20FamPay!%20%F0%9F%99%8C&url=https://fampay.in/blog/famstars-we-stress-less-and-accomplish-more/,1.0169310569763184
https://famapp.in/blog/3-financial-lessons-from-nature-itself/,0.17599868774414062
https://wa.me/?text=3%20Financial%20Lessons%20from%20Nature%3A%20An%20Earth%20Day%20special%20%F0%9F%8C%8D%20https://fampay.in/blog/3-financial-lessons-from-nature-itself/,1.0409867763519287
https://www.facebook.com/sharer/sharer.php?u=https://fampay.in/blog/3-financial-lessons-from-nature-itself/,0.9735763072967529
https://twitter.com/intent/tweet?text=3%20Financial%20Lessons%20from%20Nature%3A%20An%20Earth%20Day%20special%20%F0%9F%8C%8D&url=https://fampay.in/blog/3-financial-lessons-from-nature-itself/,1.1617984771728516
https://famapp.in/blog/living-life-genz-style/,0.24194598197937012
https://wa.me/?text=Living%20Life%2C%20GenZ%20Style%20%F0%9F%98%8E%20https://fampay.in/blog/living-life-genz-style/,0.9843242168426514
https://www.facebook.com/sharer/sharer.php?u=https://fampay.in/blog/living-life-genz-style/,0.9233312606811523
https://twitter.com/intent/tweet?text=Living%20Life%2C%20GenZ%20Style%20%F0%9F%98%8E&url=https://fampay.in/blog/living-life-genz-style/,1.1888251304626465
https://famapp.in/blog/remote-working-divided-by-distance-united-by-mission/,0.1674501895904541
https://wa.me/?text=Remote%20Working%20%3A%20Divided%20by%20Distance%2C%20United%20by%20Mission%20https://fampay.in/blog/remote-working-divided-by-distance-united-by-mission/,1.0412395000457764
https://www.facebook.com/sharer/sharer.php?u=https://fampay.in/blog/remote-working-divided-by-distance-united-by-mission/,1.1060326099395752
https://twitter.com/intent/tweet?text=Remote%20Working%20%3A%20Divided%20by%20Distance%2C%20United%20by%20Mission&url=https://fampay.in/blog/remote-working-divided-by-distance-united-by-mission/,1.301825761795044
https://famapp.in/blog/tag/famsays/,0.2042698860168457
https://famapp.in/blog/a-practical-guide-to-app-store-optimization/,0.1711113452911377
https://wa.me/?text=A%20practical%20guide%20to%20App%20Store%20Optimization%20(ASO)%20%F0%9F%93%B1%20https://fampay.in/blog/a-practical-guide-to-app-store-optimization/,1.108858585357666
https://www.facebook.com/sharer/sharer.php?u=https://fampay.in/blog/a-practical-guide-to-app-store-optimization/,0.9573347568511963
https://twitter.com/intent/tweet?text=A%20practical%20guide%20to%20App%20Store%20Optimization%20(ASO)%20%F0%9F%93%B1&url=https://fampay.in/blog/a-practical-guide-to-app-store-optimization/,1.0664417743682861
https://famapp.in/blog/365-days-of-internship-at-fampay/,0.15900802612304688
https://wa.me/?text=My%20365%20Days%20of%20Internship%20at%20FamPay%20%F0%9F%9A%80%20https://fampay.in/blog/365-days-of-internship-at-fampay/,0.6705701351165771
https://www.facebook.com/sharer/sharer.php?u=https://fampay.in/blog/365-days-of-internship-at-fampay/,0.9441201686859131
https://twitter.com/intent/tweet?text=My%20365%20Days%20of%20Internship%20at%20FamPay%20%F0%9F%9A%80&url=https://fampay.in/blog/365-days-of-internship-at-fampay/,1.2272839546203613
https://famapp.in/blog/how-instagram-reel-can-really-grow-your-brand/,0.16214394569396973
https://wa.me/?text=How%20Instagram%20Reel%20can%20really%20grow%20your%20brand%20%F0%9F%A4%B3%20https://fampay.in/blog/how-instagram-reel-can-really-grow-your-brand/,1.1144263744354248
https://www.facebook.com/sharer/sharer.php?u=https://fampay.in/blog/how-instagram-reel-can-really-grow-your-brand/,1.0611331462860107
https://twitter.com/intent/tweet?text=How%20Instagram%20Reel%20can%20really%20grow%20your%20brand%20%F0%9F%A4%B3&url=https://fampay.in/blog/how-instagram-reel-can-really-grow-your-brand/,1.1223580837249756
https://famapp.in/blog/config-variables-changing-system-behaviour-live-in-production/,0.15497231483459473
https://wa.me/?text=Config%20Variables%3A%20Changing%20System%20Behaviour%20Live%20In%20Production%20%F0%9F%91%A8%E2%80%8D%F0%9F%92%BB%20https://fampay.in/blog/config-variables-changing-system-behaviour-live-in-production/,2.304203510284424
https://www.facebook.com/sharer/sharer.php?u=https://fampay.in/blog/config-variables-changing-system-behaviour-live-in-production/,0.939892053604126
https://twitter.com/intent/tweet?text=Config%20Variables%3A%20Changing%20System%20Behaviour%20Live%20In%20Production%20%F0%9F%91%A8%E2%80%8D%F0%9F%92%BB&url=https://fampay.in/blog/config-variables-changing-system-behaviour-live-in-production/,1.0780971050262451
https://famapp.in/blog/a-marketers-guide-to-moment-marketing/,0.6945199966430664
https://wa.me/?text=A%20marketers%20guide%20to%20moment%20marketing%20%E2%8F%B0%20https://fampay.in/blog/a-marketers-guide-to-moment-marketing/,1.021669626235962
https://www.facebook.com/sharer/sharer.php?u=https://fampay.in/blog/a-marketers-guide-to-moment-marketing/,1.0597343444824219
https://twitter.com/intent/tweet?text=A%20marketers%20guide%20to%20moment%20marketing%20%E2%8F%B0&url=https://fampay.in/blog/a-marketers-guide-to-moment-marketing/,1.0419564247131348
https://www.linkedin.com/company/fampay/mycompany/,0.3086512088775635
https://famapp.in/blog/the-story-behind-fampays-tech-stack/,0.1629946231842041
https://wa.me/?text=The%20Story%20Behind%20FamPay's%20Tech%20Stack%F0%9F%9A%80%20https://fampay.in/blog/the-story-behind-fampays-tech-stack/,0.9984748363494873
https://www.facebook.com/sharer/sharer.php?u=https://fampay.in/blog/the-story-behind-fampays-tech-stack/,0.9440336227416992
https://twitter.com/intent/tweet?text=The%20Story%20Behind%20FamPay's%20Tech%20Stack%F0%9F%9A%80&url=https://fampay.in/blog/the-story-behind-fampays-tech-stack/,1.1438679695129395
https://famapp.in/blog/tag/famsays/page/2/,0.16706180572509766
https://famapp.in/blog/getting-your-generations-right-millennials-v-s-genz/,0.13373422622680664
https://wa.me/?text=Getting%20your%20Generations%20Right%2C%20Millennials%20V%2FS%20GenZ!%20%F0%9F%A4%BC%E2%80%8D%E2%99%82%EF%B8%8F%20https://fampay.in/blog/getting-your-generations-right-millennials-v-s-genz/,0.9620165824890137
https://www.facebook.com/sharer/sharer.php?u=https://fampay.in/blog/getting-your-generations-right-millennials-v-s-genz/,0.9653759002685547
https://twitter.com/intent/tweet?text=Getting%20your%20Generations%20Right%2C%20Millennials%20V%2FS%20GenZ!%20%F0%9F%A4%BC%E2%80%8D%E2%99%82%EF%B8%8F&url=https://fampay.in/blog/getting-your-generations-right-millennials-v-s-genz/,1.1835346221923828
https://famapp.in/blog/when-building-for-genzs-build-it-on-discord/,0.35639500617980957
https://wa.me/?text=When%20building%20for%20GenZs%2C%20build%20it%20on%20Discord%20%F0%9F%91%BE%20https://fampay.in/blog/when-building-for-genzs-build-it-on-discord/,1.4558172225952148
https://www.facebook.com/sharer/sharer.php?u=https://fampay.in/blog/when-building-for-genzs-build-it-on-discord/,0.9715759754180908
https://twitter.com/intent/tweet?text=When%20building%20for%20GenZs%2C%20build%20it%20on%20Discord%20%F0%9F%91%BE&url=https://fampay.in/blog/when-building-for-genzs-build-it-on-discord/,1.0754010677337646
https://famapp.in/blog/club-teens-one-stop-online-community/,0.15633416175842285
https://wa.me/?text=Club%3A%20FamPay's%20in-app%20exclusive%20community!%20%F0%9F%A4%A9%20https://fampay.in/blog/club-teens-one-stop-online-community/,0.967512845993042
https://www.facebook.com/sharer/sharer.php?u=https://fampay.in/blog/club-teens-one-stop-online-community/,0.9836246967315674
https://twitter.com/intent/tweet?text=Club%3A%20FamPay's%20in-app%20exclusive%20community!%20%F0%9F%A4%A9&url=https://fampay.in/blog/club-teens-one-stop-online-community/,1.1431081295013428
https://famapp.in/blog/effectively-harnessing-motion-design-for-genzs/,0.21827268600463867
https://wa.me/?text=Effectively%20harnessing%20Motion%20Design%20for%20GenZs%20https://fampay.in/blog/effectively-harnessing-motion-design-for-genzs/,1.0151638984680176
https://www.facebook.com/sharer/sharer.php?u=https://fampay.in/blog/effectively-harnessing-motion-design-for-genzs/,1.1782915592193604
https://twitter.com/intent/tweet?text=Effectively%20harnessing%20Motion%20Design%20for%20GenZs&url=https://fampay.in/blog/effectively-harnessing-motion-design-for-genzs/,1.0582284927368164
https://famapp.in/blog/what-are-the-perks-of-using-fampay/,0.19277667999267578
https://wa.me/?text=What%20are%20the%20perks%20of%20using%20FamPay%3F%20%F0%9F%98%8D%20https://fampay.in/blog/what-are-the-perks-of-using-fampay/,0.913642406463623
https://www.facebook.com/sharer/sharer.php?u=https://fampay.in/blog/what-are-the-perks-of-using-fampay/,0.979771614074707
https://twitter.com/intent/tweet?text=What%20are%20the%20perks%20of%20using%20FamPay%3F%20%F0%9F%98%8D&url=https://fampay.in/blog/what-are-the-perks-of-using-fampay/,1.1827538013458252
https://fampay.in/blog/savings-for-teens-its-never-too-early-to-start/,0.36210179328918457
https://fampay.in/blog/building-indias-first-genz-teen-exclusive-community/,0.32719969749450684
https://famapp.in/blog/curious-about-famcard-heres-everything-to-know/,0.14747905731201172
https://wa.me/?text=Curious%20about%20FamCard%3F%F0%9F%92%B3%20Here%E2%80%99s%20everything%20to%20know%3A%20FAQs%20by%20teens%20on%20FamCard%20https://fampay.in/blog/curious-about-famcard-heres-everything-to-know/,0.7353053092956543
https://www.facebook.com/sharer/sharer.php?u=https://fampay.in/blog/curious-about-famcard-heres-everything-to-know/,1.0074725151062012
https://twitter.com/intent/tweet?text=Curious%20about%20FamCard%3F%F0%9F%92%B3%20Here%E2%80%99s%20everything%20to%20know%3A%20FAQs%20by%20teens%20on%20FamCard&url=https://fampay.in/blog/curious-about-famcard-heres-everything-to-know/,1.1614549160003662
https://fampay.in/blog/famcard-your-first-debit-card/,0.3326561450958252
https://fampay.in/blog/everything-you-need-to-know-about-our-numberless-card/,0.2768890857696533
https://famapp.in/blog/writing-content-for-a-content-saturated-generation/,0.15572237968444824
https://wa.me/?text=Writing%20content%20for%20a%20content-saturated%20generation%20%E2%9C%8D%20https://fampay.in/blog/writing-content-for-a-content-saturated-generation/,1.2468245029449463
https://www.facebook.com/sharer/sharer.php?u=https://fampay.in/blog/writing-content-for-a-content-saturated-generation/,0.9654312133789062
https://twitter.com/intent/tweet?text=Writing%20content%20for%20a%20content-saturated%20generation%20%E2%9C%8D&url=https://fampay.in/blog/writing-content-for-a-content-saturated-generation/,1.027623176574707
https://famapp.in/blog/how-to-grow-your-instagram-followers-a-quick-guide-for-all-genz-brands/,0.18682074546813965
https://wa.me/?text=How%20to%20grow%20your%20Instagram%20followers%3F%F0%9F%A4%B3%20-%20A%20quick%20guide%20for%20all%20GenZ%20brands!%20https://fampay.in/blog/how-to-grow-your-instagram-followers-a-quick-guide-for-all-genz-brands/,1.048729419708252
https://www.facebook.com/sharer/sharer.php?u=https://fampay.in/blog/how-to-grow-your-instagram-followers-a-quick-guide-for-all-genz-brands/,0.9641036987304688
https://twitter.com/intent/tweet?text=How%20to%20grow%20your%20Instagram%20followers%3F%F0%9F%A4%B3%20-%20A%20quick%20guide%20for%20all%20GenZ%20brands!&url=https://fampay.in/blog/how-to-grow-your-instagram-followers-a-quick-guide-for-all-genz-brands/,1.0520801544189453
https://www.instagram.com/explore/tags/getfampaid/,1.852022409439087
https://famapp.in/blog/why-do-online-payments-get-stuck-and-what-can-you-do/,0.16334891319274902
https://wa.me/?text=Why%20do%20online%20payments%20get%20stuck%20and%20what%20can%20you%20do%3F%20%F0%9F%A4%94%20https://fampay.in/blog/why-do-online-payments-get-stuck-and-what-can-you-do/,0.9424045085906982
https://www.facebook.com/sharer/sharer.php?u=https://fampay.in/blog/why-do-online-payments-get-stuck-and-what-can-you-do/,1.0337920188903809
https://twitter.com/intent/tweet?text=Why%20do%20online%20payments%20get%20stuck%20and%20what%20can%20you%20do%3F%20%F0%9F%A4%94&url=https://fampay.in/blog/why-do-online-payments-get-stuck-and-what-can-you-do/,1.2078454494476318
https://famapp.in/blog/tag/famsays/page/3/,0.1674175262451172
https://famapp.in/blog/researching-the-unresearched-genzs/,0.19530177116394043
https://famapp.in/blog/building-indias-first-genz-teen-exclusive-community/,0.20587897300720215
https://famapp.in/blog/journey-to-the-centre-of-100k-downloads/,0.20307421684265137
https://famapp.in/blog/tag/growth/,0.22252106666564941
https://famapp.in/blog/tag/growth/page/2/,0.12925004959106445
https://famapp.in/blog/tag/lifestyle/,0.16745471954345703
https://famapp.in/blog/decor-ideas-that-would-transform-your-room-at-home-or-hostel/,0.13617610931396484
https://wa.me/?text=D%C3%A9cor%20ideas%20that%20would%20transform%20your%20room%20at%20home%20or%20hostel%F0%9F%8E%A8%20https://fampay.in/blog/decor-ideas-that-would-transform-your-room-at-home-or-hostel/,1.0175223350524902
https://www.facebook.com/sharer/sharer.php?u=https://fampay.in/blog/decor-ideas-that-would-transform-your-room-at-home-or-hostel/,1.0328733921051025
https://twitter.com/intent/tweet?text=D%C3%A9cor%20ideas%20that%20would%20transform%20your%20room%20at%20home%20or%20hostel%F0%9F%8E%A8&url=https://fampay.in/blog/decor-ideas-that-would-transform-your-room-at-home-or-hostel/,1.0212209224700928
https://famapp.in/blog/the-most-beautiful-college-campuses-in-india/,0.15568947792053223
https://wa.me/?text=The%20most%20beautiful%20college%20campuses%20in%20India%20%F0%9F%8E%93%20https://fampay.in/blog/the-most-beautiful-college-campuses-in-india/,0.9748725891113281
https://www.facebook.com/sharer/sharer.php?u=https://fampay.in/blog/the-most-beautiful-college-campuses-in-india/,0.9878685474395752
https://twitter.com/intent/tweet?text=The%20most%20beautiful%20college%20campuses%20in%20India%20%F0%9F%8E%93&url=https://fampay.in/blog/the-most-beautiful-college-campuses-in-india/,1.0370333194732666
https://famapp.in/blog/every-little-thing-counts-ways-in-which-you-can-contribute-to-society-as-a-teenager/,0.1794428825378418
https://wa.me/?text=Every%20Little%20Thing%20Counts-%20Ways%20in%20Which%20You%20Can%20Contribute%20to%20Society%20as%20a%20Teenager%F0%9F%92%AA%F0%9F%8F%BD%F0%9F%A7%91%E2%80%8D%F0%9F%8E%93%20https://fampay.in/blog/every-little-thing-counts-ways-in-which-you-can-contribute-to-society-as-a-teenager/,0.9382507801055908
https://www.facebook.com/sharer/sharer.php?u=https://fampay.in/blog/every-little-thing-counts-ways-in-which-you-can-contribute-to-society-as-a-teenager/,0.9407093524932861
https://twitter.com/intent/tweet?text=Every%20Little%20Thing%20Counts-%20Ways%20in%20Which%20You%20Can%20Contribute%20to%20Society%20as%20a%20Teenager%F0%9F%92%AA%F0%9F%8F%BD%F0%9F%A7%91%E2%80%8D%F0%9F%8E%93&url=https://fampay.in/blog/every-little-thing-counts-ways-in-which-you-can-contribute-to-society-as-a-teenager/,1.1807281970977783
https://famapp.in/blog/tag/lifestyle/page/2/,0.22417473793029785
https://famapp.in/blog/baddie-on-a-budget-budgeting-tricks-for-teens/,0.24716472625732422
https://wa.me/?text=Baddie%20on%20a%20Budget%3A%20Budgeting%20Tricks%20for%20Teens%20%F0%9F%98%8E%F0%9F%92%85%F0%9F%92%B0%20https://fampay.in/blog/baddie-on-a-budget-budgeting-tricks-for-teens/,1.011178731918335
https://www.facebook.com/sharer/sharer.php?u=https://fampay.in/blog/baddie-on-a-budget-budgeting-tricks-for-teens/,0.968125581741333
https://twitter.com/intent/tweet?text=Baddie%20on%20a%20Budget%3A%20Budgeting%20Tricks%20for%20Teens%20%F0%9F%98%8E%F0%9F%92%85%F0%9F%92%B0&url=https://fampay.in/blog/baddie-on-a-budget-budgeting-tricks-for-teens/,1.0432755947113037
https://famapp.in/blog/5-habits-of-highly-successful-teens/,0.20624423027038574
https://wa.me/?text=5%20Habits%20of%20Highly%20Successful%20Teens%20%F0%9F%9A%80%20https://fampay.in/blog/5-habits-of-highly-successful-teens/,1.0304388999938965
https://www.facebook.com/sharer/sharer.php?u=https://fampay.in/blog/5-habits-of-highly-successful-teens/,0.9425582885742188
https://twitter.com/intent/tweet?text=5%20Habits%20of%20Highly%20Successful%20Teens%20%F0%9F%9A%80&url=https://fampay.in/blog/5-habits-of-highly-successful-teens/,1.1903862953186035
https://famapp.in/blog/mental-health-matters-5-things-to-remember-while-in-quarantine/,0.15259337425231934
https://wa.me/?text=Mental%20Health%20Matters%3A%205%20Things%20to%20Remember%20While%20in%20Quarantine%20https://fampay.in/blog/mental-health-matters-5-things-to-remember-while-in-quarantine/,1.0477442741394043
https://www.facebook.com/sharer/sharer.php?u=https://fampay.in/blog/mental-health-matters-5-things-to-remember-while-in-quarantine/,0.9401044845581055
https://twitter.com/intent/tweet?text=Mental%20Health%20Matters%3A%205%20Things%20to%20Remember%20While%20in%20Quarantine&url=https://fampay.in/blog/mental-health-matters-5-things-to-remember-while-in-quarantine/,1.0399560928344727
https://famapp.in/blog/top-5-platforms-for-students-to-learn-new-things/,0.19707870483398438
https://wa.me/?text=Top%205%20Platforms%20for%20Students%20to%20Learn%20New%20Things%20%F0%9F%93%9A%F0%9F%93%96%F0%9F%93%95%20https://fampay.in/blog/top-5-platforms-for-students-to-learn-new-things/,0.9867782592773438
https://www.facebook.com/sharer/sharer.php?u=https://fampay.in/blog/top-5-platforms-for-students-to-learn-new-things/,0.9623181819915771
https://twitter.com/intent/tweet?text=Top%205%20Platforms%20for%20Students%20to%20Learn%20New%20Things%20%F0%9F%93%9A%F0%9F%93%96%F0%9F%93%95&url=https://fampay.in/blog/top-5-platforms-for-students-to-learn-new-things/,2.147937536239624
https://famapp.in/blog/from-teenage-to-teen-entrepreneurs-make-your-story-inspiring/,0.1401355266571045
https://wa.me/?text=From%20Teenage%20to%20Teen%20Entrepreneurs%20-%20Make%20your%20Story%20Inspiring%20%F0%9F%96%A5%EF%B8%8F%F0%9F%91%A9%E2%80%8D%F0%9F%92%BC%F0%9F%91%A8%E2%80%8D%F0%9F%92%BC%20https://fampay.in/blog/from-teenage-to-teen-entrepreneurs-make-your-story-inspiring/,1.097581148147583
https://www.facebook.com/sharer/sharer.php?u=https://fampay.in/blog/from-teenage-to-teen-entrepreneurs-make-your-story-inspiring/,1.2465002536773682
https://twitter.com/intent/tweet?text=From%20Teenage%20to%20Teen%20Entrepreneurs%20-%20Make%20your%20Story%20Inspiring%20%F0%9F%96%A5%EF%B8%8F%F0%9F%91%A9%E2%80%8D%F0%9F%92%BC%F0%9F%91%A8%E2%80%8D%F0%9F%92%BC&url=https://fampay.in/blog/from-teenage-to-teen-entrepreneurs-make-your-story-inspiring/,1.0483858585357666
https://famapp.in/blog/top-4-head-turning-fashion-tips-and-trends-for-the-sassy-gen-z/,0.16325879096984863
https://wa.me/?text=Top%204%20Head-Turning%20Fashion%20Tips%20and%20Trends%20For%20The%20Sassy%20Gen%20Z%20%F0%9F%A4%B3%F0%9F%A4%A9%F0%9F%91%B8%F0%9F%A4%B4%20https://fampay.in/blog/top-4-head-turning-fashion-tips-and-trends-for-the-sassy-gen-z/,1.3024992942810059
https://www.facebook.com/sharer/sharer.php?u=https://fampay.in/blog/top-4-head-turning-fashion-tips-and-trends-for-the-sassy-gen-z/,0.9550633430480957
https://twitter.com/intent/tweet?text=Top%204%20Head-Turning%20Fashion%20Tips%20and%20Trends%20For%20The%20Sassy%20Gen%20Z%20%F0%9F%A4%B3%F0%9F%A4%A9%F0%9F%91%B8%F0%9F%A4%B4&url=https://fampay.in/blog/top-4-head-turning-fashion-tips-and-trends-for-the-sassy-gen-z/,1.0414690971374512
https://get.fampay.in/,0.8888890743255615
https://famapp.in/blog/gen-z-gaming-how-to-make-real-money-by-playing-video-games/,0.18011879920959473
https://wa.me/?text=Gen%20Z%20%26%20Gaming%3A%20How%20To%20Make%20Real%20Money%20By%20Playing%20Video%20Games%3F%20%F0%9F%8E%AE%20https://fampay.in/blog/gen-z-gaming-how-to-make-real-money-by-playing-video-games/,0.7239511013031006
https://www.facebook.com/sharer/sharer.php?u=https://fampay.in/blog/gen-z-gaming-how-to-make-real-money-by-playing-video-games/,0.9862005710601807
https://twitter.com/intent/tweet?text=Gen%20Z%20%26%20Gaming%3A%20How%20To%20Make%20Real%20Money%20By%20Playing%20Video%20Games%3F%20%F0%9F%8E%AE&url=https://fampay.in/blog/gen-z-gaming-how-to-make-real-money-by-playing-video-games/,1.1403956413269043
https://famapp.in/blog/teen-bucket-list-10-things-you-must-to-do-in-your-teens/,0.14114642143249512
https://wa.me/?text=Teen%20bucket%20list%F0%9F%98%83%20-%2010%20things%20you%20must%20to%20do%20in%20your%20teens!%20https://fampay.in/blog/teen-bucket-list-10-things-you-must-to-do-in-your-teens/,1.0449035167694092
https://www.facebook.com/sharer/sharer.php?u=https://fampay.in/blog/teen-bucket-list-10-things-you-must-to-do-in-your-teens/,1.211399793624878
https://twitter.com/intent/tweet?text=Teen%20bucket%20list%F0%9F%98%83%20-%2010%20things%20you%20must%20to%20do%20in%20your%20teens!&url=https://fampay.in/blog/teen-bucket-list-10-things-you-must-to-do-in-your-teens/,1.1669976711273193
https://fampay.in/blog/jumpstart-your-career-5-unconventional-career-choices-for-genzs/,0.3781099319458008
https://famapp.in/blog/looking-for-financial-independence-as-a-youngster-5-ways-to-earn-while-youre-young/,0.2130260467529297
https://wa.me/?text=Looking%20for%20Financial%20Independence%20as%20a%20Youngster%3F%205%20Ways%20to%20Earn%20While%20you%E2%80%99re%20Young%F0%9F%A4%91%20https://fampay.in/blog/looking-for-financial-independence-as-a-youngster-5-ways-to-earn-while-youre-young/,0.91507887840271
https://www.facebook.com/sharer/sharer.php?u=https://fampay.in/blog/looking-for-financial-independence-as-a-youngster-5-ways-to-earn-while-youre-young/,0.9823734760284424
https://twitter.com/intent/tweet?text=Looking%20for%20Financial%20Independence%20as%20a%20Youngster%3F%205%20Ways%20to%20Earn%20While%20you%E2%80%99re%20Young%F0%9F%A4%91&url=https://fampay.in/blog/looking-for-financial-independence-as-a-youngster-5-ways-to-earn-while-youre-young/,1.1608786582946777
https://famapp.in/blog/want-to-become-a-teenage-influencer-start-here/,0.15917038917541504
https://wa.me/?text=Quick%20Guide%20to%20be%20a%20Teenfluencer%20%F0%9F%91%B8%F0%9F%A4%B4%20https://fampay.in/blog/want-to-become-a-teenage-influencer-start-here/,0.7119619846343994
https://www.facebook.com/sharer/sharer.php?u=https://fampay.in/blog/want-to-become-a-teenage-influencer-start-here/,0.945920467376709
https://twitter.com/intent/tweet?text=Quick%20Guide%20to%20be%20a%20Teenfluencer%20%F0%9F%91%B8%F0%9F%A4%B4&url=https://fampay.in/blog/want-to-become-a-teenage-influencer-start-here/,1.0312483310699463
https://famapp.in/blog/tag/lifestyle/page/3/,0.20259475708007812
https://famapp.in/blog/jumpstart-your-career-5-unconventional-career-choices-for-genzs/,0.18002724647521973
https://famapp.in/blog/how-to-go-from-awkward-to-awesome-in-your-teens/,0.18344974517822266
https://famapp.in/blog/7-cool-insta-dads-of-bollywood/,0.17511844635009766
https://famapp.in/blog/tag/news/,0.18724727630615234
https://famapp.in/blog/teen-focused-fintech-startup-fampay-raises-38m-in-series-a/,0.11831331253051758
https://wa.me/?text=Teen%20focused%20fintech%20startup%20FamPay%20raises%20%2438M%20in%20Series%20A%20https://fampay.in/blog/teen-focused-fintech-startup-fampay-raises-38m-in-series-a/,0.7440438270568848
https://www.facebook.com/sharer/sharer.php?u=https://fampay.in/blog/teen-focused-fintech-startup-fampay-raises-38m-in-series-a/,0.9120025634765625
https://twitter.com/intent/tweet?text=Teen%20focused%20fintech%20startup%20FamPay%20raises%20%2438M%20in%20Series%20A&url=https://fampay.in/blog/teen-focused-fintech-startup-fampay-raises-38m-in-series-a/,1.0817854404449463
https://famapp.in/blog/fampay-is-set-to-launch-indias-first-and-biggest-digi-fest-for-teens/,0.15329837799072266
https://wa.me/?text=FamPay%20is%20set%20to%20launch%20India%E2%80%99s%20first%20and%20biggest%20Digi-Fest%20for%20Teens%20https://fampay.in/blog/fampay-is-set-to-launch-indias-first-and-biggest-digi-fest-for-teens/,1.0910916328430176
https://www.facebook.com/sharer/sharer.php?u=https://fampay.in/blog/fampay-is-set-to-launch-indias-first-and-biggest-digi-fest-for-teens/,1.0270440578460693
https://twitter.com/intent/tweet?text=FamPay%20is%20set%20to%20launch%20India%E2%80%99s%20first%20and%20biggest%20Digi-Fest%20for%20Teens&url=https://fampay.in/blog/fampay-is-set-to-launch-indias-first-and-biggest-digi-fest-for-teens/,1.049983263015747
https://www.aninews.in/news/business/fampay-is-set-to-launch-indias-first-and-biggest-digi-fest-for-teens20201104123744/,0.1553034782409668
https://www.aninews.in/topic/fampay/,0.11392331123352051
https://famapp.in/blog/zetas-fusion-to-power-fampays-cashless-payments-for-gen-z/,0.1443006992340088
https://wa.me/?text=Zeta%E2%80%99s%20Fusion%20To%20Power%20FamPay%E2%80%99s%20Cashless%20Payments%20For%20Gen%20Z%20https://fampay.in/blog/zetas-fusion-to-power-fampays-cashless-payments-for-gen-z/,0.754521369934082
https://www.facebook.com/sharer/sharer.php?u=https://fampay.in/blog/zetas-fusion-to-power-fampays-cashless-payments-for-gen-z/,0.9312524795532227
https://twitter.com/intent/tweet?text=Zeta%E2%80%99s%20Fusion%20To%20Power%20FamPay%E2%80%99s%20Cashless%20Payments%20For%20Gen%20Z&url=https://fampay.in/blog/zetas-fusion-to-power-fampays-cashless-payments-for-gen-z/,1.1656618118286133
https://famapp.in/blog/digital-payments-exploding-in-india-yet-the-tech-savvy-teens-still-stuck-paying-with-cash-survey-by-fampay-indias-first-neobank-for-teenagers/,0.20017480850219727
https://wa.me/?text=Digital%20Payments%20Exploding%20in%20India%2C%20Yet%20the%20Tech-Savvy%20Teens%20Still%20Stuck%20Paying%20with%20Cash%20https://fampay.in/blog/digital-payments-exploding-in-india-yet-the-tech-savvy-teens-still-stuck-paying-with-cash-survey-by-fampay-indias-first-neobank-for-teenagers/,1.0226466655731201
https://www.facebook.com/sharer/sharer.php?u=https://fampay.in/blog/digital-payments-exploding-in-india-yet-the-tech-savvy-teens-still-stuck-paying-with-cash-survey-by-fampay-indias-first-neobank-for-teenagers/,0.9447016716003418
https://twitter.com/intent/tweet?text=Digital%20Payments%20Exploding%20in%20India%2C%20Yet%20the%20Tech-Savvy%20Teens%20Still%20Stuck%20Paying%20with%20Cash&url=https://fampay.in/blog/digital-payments-exploding-in-india-yet-the-tech-savvy-teens-still-stuck-paying-with-cash-survey-by-fampay-indias-first-neobank-for-teenagers/,1.0193119049072266
https://famapp.in/blog/this-fintech-startup-by-iit-roorkee-alum-is-giving-teenagers-financial-freedom-responsibly-yourstory/,0.1709146499633789
https://wa.me/?text=This%20fintech%20startup%20by%20IIT%20Roorkee%20alum%20is%20giving%20teenagers%20financial%20freedom%20responsibly%3A%20YourStory%20https://fampay.in/blog/this-fintech-startup-by-iit-roorkee-alum-is-giving-teenagers-financial-freedom-responsibly-yourstory/,0.9035937786102295
https://www.facebook.com/sharer/sharer.php?u=https://fampay.in/blog/this-fintech-startup-by-iit-roorkee-alum-is-giving-teenagers-financial-freedom-responsibly-yourstory/,1.4746832847595215
https://twitter.com/intent/tweet?text=This%20fintech%20startup%20by%20IIT%20Roorkee%20alum%20is%20giving%20teenagers%20financial%20freedom%20responsibly%3A%20YourStory&url=https://fampay.in/blog/this-fintech-startup-by-iit-roorkee-alum-is-giving-teenagers-financial-freedom-responsibly-yourstory/,1.1568264961242676
https://famapp.in/blog/fampay-announces-launch-of-indias-first-numberless-card/,0.1294693946838379
https://wa.me/?text=FamPay%20Announces%20Launch%20of%20India%E2%80%99s%20First%20Numberless%20Card%20https://fampay.in/blog/fampay-announces-launch-of-indias-first-numberless-card/,0.9519693851470947
https://www.facebook.com/sharer/sharer.php?u=https://fampay.in/blog/fampay-announces-launch-of-indias-first-numberless-card/,1.334563970565796
https://twitter.com/intent/tweet?text=FamPay%20Announces%20Launch%20of%20India%E2%80%99s%20First%20Numberless%20Card&url=https://fampay.in/blog/fampay-announces-launch-of-indias-first-numberless-card/,1.1604220867156982
http://www.fampay.in/,0.4672665596008301
http://www.fampay.in/about,0.4290468692779541
http://www.fampay.in/blog,0.6220400333404541
http://www.fampay.in/careers,0.4421424865722656
http://www.fampay.in/partner,0.3885049819946289
http://www.fampay.in/faqs,0.4746205806732178
http://www.fampay.in/blog/,0.564502477645874
http://www.fampay.in/press,0.459805965423584
http://www.fampay.in/privacy,0.40175652503967285
http://www.fampay.in/terms,0.4447753429412842
http://www.fampay.in/contact,0.38385725021362305
https://famapp.in/blog/fampay-raises-4-7m-from-y-combinator-sequoia-venture-highway-others/,0.16920900344848633
https://wa.me/?text=FamPay%20raises%20%244.7M%20from%20Y%20Combinator%2C%20Sequoia%2C%20Venture%20Highway%20%26%20others%20https://fampay.in/blog/fampay-raises-4-7m-from-y-combinator-sequoia-venture-highway-others/,0.7765781879425049
https://www.facebook.com/sharer/sharer.php?u=https://fampay.in/blog/fampay-raises-4-7m-from-y-combinator-sequoia-venture-highway-others/,1.483267068862915
https://twitter.com/intent/tweet?text=FamPay%20raises%20%244.7M%20from%20Y%20Combinator%2C%20Sequoia%2C%20Venture%20Highway%20%26%20others&url=https://fampay.in/blog/fampay-raises-4-7m-from-y-combinator-sequoia-venture-highway-others/,1.1474781036376953
https://famapp.in/blog/tag/parents/,0.15922880172729492
https://famapp.in/blog/healthy-wealth-how-can-parents-have-a-healthy-discussion-about-money-with-their-children/,1.2004811763763428
https://wa.me/?text=Healthy%20Wealth-%20How%20can%20parents%20have%20a%20healthy%20discussion%20about%20money%20with%20their%20children%3F%20https://fampay.in/blog/healthy-wealth-how-can-parents-have-a-healthy-discussion-about-money-with-their-children/,1.495460033416748
https://www.facebook.com/sharer/sharer.php?u=https://fampay.in/blog/healthy-wealth-how-can-parents-have-a-healthy-discussion-about-money-with-their-children/,0.926119327545166
https://twitter.com/intent/tweet?text=Healthy%20Wealth-%20How%20can%20parents%20have%20a%20healthy%20discussion%20about%20money%20with%20their%20children%3F&url=https://fampay.in/blog/healthy-wealth-how-can-parents-have-a-healthy-discussion-about-money-with-their-children/,1.2541325092315674
https://famapp.in/blog/being-a-digital-parent-tips-to-mentor-everything-digital-that-your-teen-uses/,0.19411563873291016
https://wa.me/?text=Being%20a%20Digital%20Parent%20-%20Tips%20to%20Mentor%20Everything%20Digital%20that%20your%20Teen%20Uses%20https://fampay.in/blog/being-a-digital-parent-tips-to-mentor-everything-digital-that-your-teen-uses/,0.9214448928833008
https://www.facebook.com/sharer/sharer.php?u=https://fampay.in/blog/being-a-digital-parent-tips-to-mentor-everything-digital-that-your-teen-uses/,0.972118616104126
https://twitter.com/intent/tweet?text=Being%20a%20Digital%20Parent%20-%20Tips%20to%20Mentor%20Everything%20Digital%20that%20your%20Teen%20Uses&url=https://fampay.in/blog/being-a-digital-parent-tips-to-mentor-everything-digital-that-your-teen-uses/,1.0940272808074951
https://famapp.in/blog/top-5-tips-to-communicate-better-with-your-teenager/,0.17802882194519043
https://wa.me/?text=Top%205%20Tips%20to%20Communicate%20Better%20with%20your%20Teenager%20https://fampay.in/blog/top-5-tips-to-communicate-better-with-your-teenager/,0.9274189472198486
https://www.facebook.com/sharer/sharer.php?u=https://fampay.in/blog/top-5-tips-to-communicate-better-with-your-teenager/,0.9670600891113281
https://twitter.com/intent/tweet?text=Top%205%20Tips%20to%20Communicate%20Better%20with%20your%20Teenager&url=https://fampay.in/blog/top-5-tips-to-communicate-better-with-your-teenager/,1.0272924900054932
https://famapp.in/blog/a-to-z-of-teenage-finance-financial-terms-every-parent-should-teach-their-teens/,0.16628193855285645
https://wa.me/?text=A%20to%20Z%20of%20teenage%20finance-%20financial%20terms%20every%20parent%20should%20teach%20their%20teens%20https://fampay.in/blog/a-to-z-of-teenage-finance-financial-terms-every-parent-should-teach-their-teens/,0.9243299961090088
https://www.facebook.com/sharer/sharer.php?u=https://fampay.in/blog/a-to-z-of-teenage-finance-financial-terms-every-parent-should-teach-their-teens/,1.9916691780090332
https://twitter.com/intent/tweet?text=A%20to%20Z%20of%20teenage%20finance-%20financial%20terms%20every%20parent%20should%20teach%20their%20teens&url=https://fampay.in/blog/a-to-z-of-teenage-finance-financial-terms-every-parent-should-teach-their-teens/,1.1485233306884766
https://famapp.in/blog/cyber-bullying-what-can-you-do-as-a-parent/,0.12213253974914551
https://wa.me/?text=Cyberbullying%3A%20What%20can%20you%20do%20as%20a%20Parent%3F%20https://fampay.in/blog/cyber-bullying-what-can-you-do-as-a-parent/,1.1225998401641846
https://www.facebook.com/sharer/sharer.php?u=https://fampay.in/blog/cyber-bullying-what-can-you-do-as-a-parent/,0.9189248085021973
https://twitter.com/intent/tweet?text=Cyberbullying%3A%20What%20can%20you%20do%20as%20a%20Parent%3F&url=https://fampay.in/blog/cyber-bullying-what-can-you-do-as-a-parent/,1.0690784454345703
https://famapp.in/blog/4-ways-to-help-your-teen-learn-to-become-financially-responsible/,0.3678450584411621
https://wa.me/?text=4%20Ways%20to%20Help%20Your%20Teen%20Learn%20to%20become%20Financially%20Responsible%20https://fampay.in/blog/4-ways-to-help-your-teen-learn-to-become-financially-responsible/,1.1306724548339844
https://www.facebook.com/sharer/sharer.php?u=https://fampay.in/blog/4-ways-to-help-your-teen-learn-to-become-financially-responsible/,1.5583324432373047
https://twitter.com/intent/tweet?text=4%20Ways%20to%20Help%20Your%20Teen%20Learn%20to%20become%20Financially%20Responsible&url=https://fampay.in/blog/4-ways-to-help-your-teen-learn-to-become-financially-responsible/,1.192002773284912
https://famapp.in/blog/evolution-of-parenting-parent-of-a-millennial-vs-parent-of-a-genz-kid/,0.19013357162475586
https://wa.me/?text=Evolution%20of%20Parenting%20-%20Parent%20of%20a%20Millennial%20vs%20Parent%20of%20a%20GenZ%20kid%20https://fampay.in/blog/evolution-of-parenting-parent-of-a-millennial-vs-parent-of-a-genz-kid/,0.961101770401001
https://www.facebook.com/sharer/sharer.php?u=https://fampay.in/blog/evolution-of-parenting-parent-of-a-millennial-vs-parent-of-a-genz-kid/,0.937628984451294
https://twitter.com/intent/tweet?text=Evolution%20of%20Parenting%20-%20Parent%20of%20a%20Millennial%20vs%20Parent%20of%20a%20GenZ%20kid&url=https://fampay.in/blog/evolution-of-parenting-parent-of-a-millennial-vs-parent-of-a-genz-kid/,1.3930675983428955
https://famapp.in/blog/pocket-money-for-teenagers-why-it-matters/,0.12525153160095215
https://wa.me/?text=Pocket%20Money%20for%20Teenagers%3A%20Why%20it%20Matters%20https://fampay.in/blog/pocket-money-for-teenagers-why-it-matters/,1.0046932697296143
https://www.facebook.com/sharer/sharer.php?u=https://fampay.in/blog/pocket-money-for-teenagers-why-it-matters/,0.9893696308135986
https://twitter.com/intent/tweet?text=Pocket%20Money%20for%20Teenagers%3A%20Why%20it%20Matters&url=https://fampay.in/blog/pocket-money-for-teenagers-why-it-matters/,1.164696216583252
https://famapp.in/blog/things-you-must-know-as-a-teens-parent/,0.2088027000427246
https://wa.me/?text=Things%20You%20Must%20Know%20as%20a%20Parent%20of%20a%20GenZ%20Teen%20https://fampay.in/blog/things-you-must-know-as-a-teens-parent/,0.713141679763794
https://www.facebook.com/sharer/sharer.php?u=https://fampay.in/blog/things-you-must-know-as-a-teens-parent/,0.9467880725860596
https://twitter.com/intent/tweet?text=Things%20You%20Must%20Know%20as%20a%20Parent%20of%20a%20GenZ%20Teen&url=https://fampay.in/blog/things-you-must-know-as-a-teens-parent/,1.14872407913208
https://famapp.in/blog/impact-of-social-distancing-on-teen-mental-health/,0.12967729568481445
https://wa.me/?text=Impact%20of%20Social%20Distancing%20on%20Teen%20Mental%20Health%20https://fampay.in/blog/impact-of-social-distancing-on-teen-mental-health/,1.0508458614349365
https://www.facebook.com/sharer/sharer.php?u=https://fampay.in/blog/impact-of-social-distancing-on-teen-mental-health/,1.2196578979492188
https://twitter.com/intent/tweet?text=Impact%20of%20Social%20Distancing%20on%20Teen%20Mental%20Health&url=https://fampay.in/blog/impact-of-social-distancing-on-teen-mental-health/,1.1559011936187744
https://famapp.in/blog/tag/parents/page/2/,0.1077120304107666
https://famapp.in/blog/bridging-generation-gap-understanding-your-genz-teenager-better/,0.1436324119567871
https://wa.me/?text=Bridging%20Generation%20Gap%3A%20Understanding%20Your%20GenZ%20Teenager%20Better%20https://fampay.in/blog/bridging-generation-gap-understanding-your-genz-teenager-better/,0.7284185886383057
https://www.facebook.com/sharer/sharer.php?u=https://fampay.in/blog/bridging-generation-gap-understanding-your-genz-teenager-better/,0.9660298824310303
https://twitter.com/intent/tweet?text=Bridging%20Generation%20Gap%3A%20Understanding%20Your%20GenZ%20Teenager%20Better&url=https://fampay.in/blog/bridging-generation-gap-understanding-your-genz-teenager-better/,1.069972276687622
https://famapp.in/blog/tag/pr-news/,0.15647244453430176
https://famapp.in/blog/fampay-amongst-linkedins-top-startups-list-2021/,0.14237117767333984
https://wa.me/?text=FamPay%20amongst%20LinkedIn%E2%80%99s%20Top%20Startups%20List%202021%20https://fampay.in/blog/fampay-amongst-linkedins-top-startups-list-2021/,1.0801427364349365
https://www.facebook.com/sharer/sharer.php?u=https://fampay.in/blog/fampay-amongst-linkedins-top-startups-list-2021/,0.92142653465271
https://twitter.com/intent/tweet?text=FamPay%20amongst%20LinkedIn%E2%80%99s%20Top%20Startups%20List%202021&url=https://fampay.in/blog/fampay-amongst-linkedins-top-startups-list-2021/,1.0153703689575195
https://famapp.in/blog/fampay-partners-with-visa-to-launch-indias-first-doodle-card-for-genz/,0.13872766494750977
https://wa.me/?text=FamPay%20partners%20with%20Visa%20to%20launch%20India%E2%80%99s%20first%20Doodle%20Card%20for%20GenZ%20https://fampay.in/blog/fampay-partners-with-visa-to-launch-indias-first-doodle-card-for-genz/,0.9575366973876953
https://www.facebook.com/sharer/sharer.php?u=https://fampay.in/blog/fampay-partners-with-visa-to-launch-indias-first-doodle-card-for-genz/,0.9681651592254639
https://twitter.com/intent/tweet?text=FamPay%20partners%20with%20Visa%20to%20launch%20India%E2%80%99s%20first%20Doodle%20Card%20for%20GenZ&url=https://fampay.in/blog/fampay-partners-with-visa-to-launch-indias-first-doodle-card-for-genz/,1.193655014038086
https://famapp.in/blog/tag/product/,0.17865562438964844
https://famapp.in/blog/perks-of-using-the-famcard-me/,0.17842459678649902
https://wa.me/?text=Perks%20of%20using%20the%20FamCard%20Me%20-%204X%20Rewards%2C%20Doodles%20and%20so%20much%20more!%20%F0%9F%92%96%20https://fampay.in/blog/perks-of-using-the-famcard-me/,0.9243221282958984
https://www.facebook.com/sharer/sharer.php?u=https://fampay.in/blog/perks-of-using-the-famcard-me/,1.2278170585632324
https://twitter.com/intent/tweet?text=Perks%20of%20using%20the%20FamCard%20Me%20-%204X%20Rewards%2C%20Doodles%20and%20so%20much%20more!%20%F0%9F%92%96&url=https://fampay.in/blog/perks-of-using-the-famcard-me/,1.1784007549285889
https://famapp.in/blog/guide-for-seeking-support-from-fampay-important-dos-and-donts/,0.20050525665283203
https://wa.me/?text=Guide%20for%20seeking%20support%20from%20FamPay%3A%20Important%20Dos%20%E2%9C%85%20and%20Don'ts%20%E2%9B%94%20https://fampay.in/blog/guide-for-seeking-support-from-fampay-important-dos-and-donts/,1.054290533065796
https://www.facebook.com/sharer/sharer.php?u=https://fampay.in/blog/guide-for-seeking-support-from-fampay-important-dos-and-donts/,1.099947452545166
https://twitter.com/intent/tweet?text=Guide%20for%20seeking%20support%20from%20FamPay%3A%20Important%20Dos%20%E2%9C%85%20and%20Don'ts%20%E2%9B%94&url=https://fampay.in/blog/guide-for-seeking-support-from-fampay-important-dos-and-donts/,1.1473267078399658
https://famapp.in/blog/7-clever-saving-hacks-for-teenagers-this-will-save-you-a-fortune/,0.14332008361816406
https://wa.me/?text=9%20Clever%20Saving%20Hacks%20for%20Teenagers%20-%20This%20will%20save%20you%20a%20fortune!%20%F0%9F%92%B8%20https://fampay.in/blog/7-clever-saving-hacks-for-teenagers-this-will-save-you-a-fortune/,0.7374835014343262
https://www.facebook.com/sharer/sharer.php?u=https://fampay.in/blog/7-clever-saving-hacks-for-teenagers-this-will-save-you-a-fortune/,0.9565284252166748
https://twitter.com/intent/tweet?text=9%20Clever%20Saving%20Hacks%20for%20Teenagers%20-%20This%20will%20save%20you%20a%20fortune!%20%F0%9F%92%B8&url=https://fampay.in/blog/7-clever-saving-hacks-for-teenagers-this-will-save-you-a-fortune/,1.122680902481079
https://fampay.in/blog/baddie-on-a-budget-budgeting-tricks-for-teens/,0.2693905830383301
https://famapp.in/blog/what-makes-fampay-secure/,0.14890694618225098
https://wa.me/?text=What%20makes%20FamPay%20secure%3F%20%F0%9F%94%90%20https://fampay.in/blog/what-makes-fampay-secure/,1.09393310546875
https://www.facebook.com/sharer/sharer.php?u=https://fampay.in/blog/what-makes-fampay-secure/,1.0706770420074463
https://twitter.com/intent/tweet?text=What%20makes%20FamPay%20secure%3F%20%F0%9F%94%90&url=https://fampay.in/blog/what-makes-fampay-secure/,1.074364423751831
https://famapp.in/blog/fampays-guide-to-digital-payments-for-teens-important-dos-and-donts/,0.1877152919769287
https://wa.me/?text=FamPay%E2%80%99s%20guide%20to%20digital%20payments%20for%20teens%3A%20Important%20Dos%20%E2%9C%85%20and%20Don'ts%20%E2%9B%94%20https://fampay.in/blog/fampays-guide-to-digital-payments-for-teens-important-dos-and-donts/,1.0070703029632568
https://www.facebook.com/sharer/sharer.php?u=https://fampay.in/blog/fampays-guide-to-digital-payments-for-teens-important-dos-and-donts/,0.9960827827453613
https://twitter.com/intent/tweet?text=FamPay%E2%80%99s%20guide%20to%20digital%20payments%20for%20teens%3A%20Important%20Dos%20%E2%9C%85%20and%20Don'ts%20%E2%9B%94&url=https://fampay.in/blog/fampays-guide-to-digital-payments-for-teens-important-dos-and-donts/,1.1592075824737549
https://famapp.in/blog/how-to-order-a-famcard-in-less-than-5-minutes/,0.17903733253479004
https://wa.me/?text=How%20to%20order%20a%20FamCard%20in%20less%20than%205%20minutes%3F%20%F0%9F%92%B3%20https://fampay.in/blog/how-to-order-a-famcard-in-less-than-5-minutes/,0.9239733219146729
https://www.facebook.com/sharer/sharer.php?u=https://fampay.in/blog/how-to-order-a-famcard-in-less-than-5-minutes/,0.9284846782684326
https://twitter.com/intent/tweet?text=How%20to%20order%20a%20FamCard%20in%20less%20than%205%20minutes%3F%20%F0%9F%92%B3&url=https://fampay.in/blog/how-to-order-a-famcard-in-less-than-5-minutes/,1.143618106842041
https://fampay.in/blog/one-stop-solution-for-all-your-kyc-concerns/,0.3372666835784912
https://wa.me/?text=One-stop%20solution%20for%20all%20your%20KYC%20concerns%20https://fampay.in/blog/one-stop-solution-for-all-your-kyc-concerns/,1.6404366493225098
https://www.facebook.com/sharer/sharer.php?u=https://fampay.in/blog/one-stop-solution-for-all-your-kyc-concerns/,0.9401810169219971
https://twitter.com/intent/tweet?text=One-stop%20solution%20for%20all%20your%20KYC%20concerns&url=https://fampay.in/blog/one-stop-solution-for-all-your-kyc-concerns/,1.1951234340667725
https://fampay.in/blog/fampay-the-solution-to-your-cash-problems/,0.33313441276550293
https://famapp.in/blog/tag/product/page/2/,0.13216924667358398
https://famapp.in/blog/one-stop-solution-for-all-your-kyc-concerns/,0.13847875595092773
https://famapp.in/blog/everything-you-need-to-know-about-our-numberless-card/,0.13550281524658203
https://wa.me/?text=Everything%20you%20need%20to%20know%20about%20our%20Numberless%20Card!%20%F0%9F%92%B3%20https://fampay.in/blog/everything-you-need-to-know-about-our-numberless-card/,0.7417027950286865
https://www.facebook.com/sharer/sharer.php?u=https://fampay.in/blog/everything-you-need-to-know-about-our-numberless-card/,0.9568333625793457
https://twitter.com/intent/tweet?text=Everything%20you%20need%20to%20know%20about%20our%20Numberless%20Card!%20%F0%9F%92%B3&url=https://fampay.in/blog/everything-you-need-to-know-about-our-numberless-card/,1.2393746376037598
https://famapp.in/blog/famcard-your-first-prepaid-card/,0.15242981910705566
https://wa.me/?text=FamCard%20-%20your%20first%20prepaid%20card!%20%F0%9F%92%B3%F0%9F%A4%A9%F0%9F%A5%B3%20https://fampay.in/blog/famcard-your-first-prepaid-card/,0.8397045135498047
https://www.facebook.com/sharer/sharer.php?u=https://fampay.in/blog/famcard-your-first-prepaid-card/,0.9636759757995605
https://twitter.com/intent/tweet?text=FamCard%20-%20your%20first%20prepaid%20card!%20%F0%9F%92%B3%F0%9F%A4%A9%F0%9F%A5%B3&url=https://fampay.in/blog/famcard-your-first-prepaid-card/,1.2918736934661865
https://famapp.in/blog/savings-for-teens-its-never-too-early-to-start/,0.21424508094787598
https://wa.me/?text=Savings%20for%20teens%20%F0%9F%92%B0%F0%9F%98%8E-%20Its%20never%20too%20early%20to%20start!%20https://fampay.in/blog/savings-for-teens-its-never-too-early-to-start/,1.0333940982818604
https://www.facebook.com/sharer/sharer.php?u=https://fampay.in/blog/savings-for-teens-its-never-too-early-to-start/,0.9594149589538574
https://twitter.com/intent/tweet?text=Savings%20for%20teens%20%F0%9F%92%B0%F0%9F%98%8E-%20Its%20never%20too%20early%20to%20start!&url=https://fampay.in/blog/savings-for-teens-its-never-too-early-to-start/,1.0497770309448242
https://famapp.in/blog/fampay-the-solution-to-your-cash-problems/,0.14389801025390625
https://wa.me/?text=FamPay-%20the%20solution%20to%20your%20cash%20problems!%20%F0%9F%98%8E%20https://fampay.in/blog/fampay-the-solution-to-your-cash-problems/,2.286590337753296
https://www.facebook.com/sharer/sharer.php?u=https://fampay.in/blog/fampay-the-solution-to-your-cash-problems/,0.9610996246337891
https://twitter.com/intent/tweet?text=FamPay-%20the%20solution%20to%20your%20cash%20problems!%20%F0%9F%98%8E&url=https://fampay.in/blog/fampay-the-solution-to-your-cash-problems/,1.0459678173065186
https://famapp.in/blog/tag/tech/,0.19306468963623047
https://famapp.in/blog/how-a-pressing-problem-can-lead-to-technological-innovation/,0.14768242835998535
https://wa.me/?text=How%20a%20Pressing%20Problem%20can%20lead%20to%20Technological%20Innovation%20https://fampay.in/blog/how-a-pressing-problem-can-lead-to-technological-innovation/,0.9509086608886719
https://www.facebook.com/sharer/sharer.php?u=https://fampay.in/blog/how-a-pressing-problem-can-lead-to-technological-innovation/,0.9316055774688721
https://twitter.com/intent/tweet?text=How%20a%20Pressing%20Problem%20can%20lead%20to%20Technological%20Innovation&url=https://fampay.in/blog/how-a-pressing-problem-can-lead-to-technological-innovation/,1.0590431690216064
http://friends.fampay.in/,1.4707939624786377
http://friends.fampay.in/about,1.3637993335723877
http://friends.fampay.in/blog,1.3668107986450195
http://friends.fampay.in/careers,1.3832874298095703
http://friends.fampay.in/partner,1.3538753986358643
http://friends.fampay.in/faqs,1.3339500427246094
http://friends.fampay.in/blog/,1.3392043113708496
http://friends.fampay.in/press,1.3185107707977295
http://friends.fampay.in/privacy,1.3205595016479492
http://friends.fampay.in/terms,1.3534648418426514
http://friends.fampay.in/contact,1.3358709812164307
https://famapp.in/blog/how-i-blurred-age-barriers-with-technology/,0.14478254318237305
https://wa.me/?text=How%20I%20Blurred%20Age%20Barriers%20with%20Technology%20https://fampay.in/blog/how-i-blurred-age-barriers-with-technology/,1.063985824584961
https://www.facebook.com/sharer/sharer.php?u=https://fampay.in/blog/how-i-blurred-age-barriers-with-technology/,1.057621717453003
https://twitter.com/intent/tweet?text=How%20I%20Blurred%20Age%20Barriers%20with%20Technology&url=https://fampay.in/blog/how-i-blurred-age-barriers-with-technology/,1.1640729904174805
https://famapp.in/blog/how-to-clean-up-your-android-apps-dependencies-the-ultimate-guide-2/,0.26287841796875
https://famapp.in/blog/discover-fampays-engagement-service-missions-3/,0.2141563892364502
https://famapp.in/blog/implementing-an-in-memory-queue/,0.25284576416015625
https://famapp.in/blog/covid-19-vaccination-as-a-teen-a-guide/,0.16811490058898926
https://famapp.in/blog/why-vaccination-a-guide-to-vaccination-for-teens-in-india/,0.12683510780334473
https://famapp.in/blog/study-habits-that-are-simple-and-highly-effective/,0.13899993896484375
https://famapp.in/blog/how-to-save-those-extra-bucks-while-shopping/,0.12200260162353516
https://famapp.in/blog/teen-fashion-trends-that-we-love/,0.16669893264770508
https://famapp.in/blog/how-to-build-your-resume-and-portfolio-right-from-school/,0.1900651454925537
https://famapp.in/blog/productivity-hacks-for-teens-this-will-change-your-life/,0.13457250595092773
https://famapp.in/blog/page/2/,0.15632390975952148
https://famapp.in/blog/page/3/,0.1899878978729248
https://famapp.in/blog/page/4/,0.16965413093566895
https://famapp.in/blog/page/5/,0.193434476852417
https://famapp.in/careers,0.06722211837768555
https://famapp.in/partner,0.07850408554077148
https://famapp.in/faqs,0.10843133926391602
https://famapp.in/blog/,0.16781282424926758
https://famapp.in/press,0.058756351470947266
https://famapp.in/privacy,0.08202552795410156
https://famapp.in/terms,0.1430058479309082
https://famapp.in/contact,0.08414459228515625
https://www.instagram.com/fam.india/,1.0568435192108154
https://www.linkedin.com/company/famindia/,0.27721714973449707
