Link,Connect Time,Wait Time,Total Time,Resource Count
https://famapp.in/,0.15643596649169922,0.08210039138793945,0.23853635787963867,76
https://famcard.me/,0.1416611671447754,0.06064105033874512,0.2023022174835205,76
https://fampay.in/,0.14155125617980957,0.10882449150085449,0.25037574768066406,76
https://fampay.in/about,0.033663272857666016,0.09684181213378906,0.13050508499145508,161
https://fampay.in/blog,0.03141427040100098,0.421628475189209,0.45304274559020996,24
https://fampay.in/blog/tag/teens/,0.0321047306060791,0.24116992950439453,0.27327466011047363,23
https://fampay.in/blog/decor-ideas-that-would-transform-your-room-at-home-or-hostel/,0.03319549560546875,0.22868633270263672,0.26188182830810547,29
https://fampay.in/blog/social-commerce-making-money-just-through-social-media/,0.0330655574798584,0.35303831100463867,0.38610386848449707,29
https://fampay.in/blog/perks-of-using-the-famcard-me/,0.031077861785888672,0.20693397521972656,0.23801183700561523,29
https://fampay.in/blog/13-boredom-busters-for-teens/,0.03139495849609375,0.15620183944702148,0.18759679794311523,29
https://fampay.in/blog/how-can-teens-open-shops-on-instagram/,0.030199289321899414,0.17100787162780762,0.20120716094970703,25
https://fampay.in/blog/author/arohi/,0.029679536819458008,0.14821624755859375,0.17789578437805176,22
https://fampay.in/blog/tag/teens/page/2/,0.0300443172454834,0.23170089721679688,0.2617452144622803,23
https://fampay.in/blog/tag/parents/,0.03095078468322754,0.19205927848815918,0.22301006317138672,23
https://fampay.in/blog/healthy-wealth-how-can-parents-have-a-healthy-discussion-about-money-with-their-children/,0.03175973892211914,0.15796899795532227,0.1897287368774414,30
https://fampay.in/blog/being-a-digital-parent-tips-to-mentor-everything-digital-that-your-teen-uses/,0.031630516052246094,0.17256617546081543,0.20419669151306152,28
https://fampay.in/blog/top-5-tips-to-communicate-better-with-your-teenager/,0.03549623489379883,0.15806317329406738,0.1935594081878662,29
https://fampay.in/blog/a-to-z-of-teenage-finance-financial-terms-every-parent-should-teach-their-teens/,0.031116485595703125,0.15088939666748047,0.1820058822631836,25
https://fampay.in/blog/cyber-bullying-what-can-you-do-as-a-parent/,0.03703808784484863,0.15692615509033203,0.19396424293518066,25
https://fampay.in/blog/4-ways-to-help-your-teen-learn-to-become-financially-responsible/,0.030594587326049805,0.15854454040527344,0.18913912773132324,26
https://fampay.in/blog/evolution-of-parenting-parent-of-a-millennial-vs-parent-of-a-genz-kid/,0.030072450637817383,0.12912869453430176,0.15920114517211914,25
https://fampay.in/blog/pocket-money-for-teenagers-why-it-matters/,0.03060436248779297,0.14996743202209473,0.1805717945098877,25
https://fampay.in/blog/things-you-must-know-as-a-teens-parent/,0.03858160972595215,0.15515947341918945,0.1937410831451416,25
https://fampay.in/blog/impact-of-social-distancing-on-teen-mental-health/,0.03467392921447754,0.1561596393585205,0.19083356857299805,25
https://fampay.in/blog/tag/parents/page/2/,0.029415130615234375,0.11156320571899414,0.14097833633422852,22
https://fampay.in/blog/tag/news/,0.029610395431518555,0.17967820167541504,0.2092885971069336,22
https://fampay.in/blog/teen-focused-fintech-startup-fampay-raises-38m-in-series-a/,0.030120372772216797,0.15074443817138672,0.18086481094360352,28
https://fampay.in/blog/fampay-is-set-to-launch-indias-first-and-biggest-digi-fest-for-teens/,0.030063867568969727,0.13535261154174805,0.16541647911071777,25
https://fampay.in/blog/zetas-fusion-to-power-fampays-cashless-payments-for-gen-z/,0.033466339111328125,0.16432666778564453,0.19779300689697266,25
https://fampay.in/blog/digital-payments-exploding-in-india-yet-the-tech-savvy-teens-still-stuck-paying-with-cash-survey-by-fampay-indias-first-neobank-for-teenagers/,0.028928279876708984,0.1679089069366455,0.1968371868133545,28
https://fampay.in/blog/this-fintech-startup-by-iit-roorkee-alum-is-giving-teenagers-financial-freedom-responsibly-yourstory/,0.029582977294921875,0.15426063537597656,0.18384361267089844,27
https://fampay.in/blog/fampay-announces-launch-of-indias-first-numberless-card/,0.029771089553833008,0.13469982147216797,0.16447091102600098,27
https://fampay.in/blog/fampay-raises-4-7m-from-y-combinator-sequoia-venture-highway-others/,0.12262153625488281,0.17722034454345703,0.29984188079833984,25
https://fampay.in/blog/tag/famsays/,0.030581951141357422,0.19879508018493652,0.22937703132629395,23
https://fampay.in/blog/a-practical-guide-to-app-store-optimization/,0.14317703247070312,0.20679140090942383,0.34996843338012695,28
https://fampay.in/blog/author/garvita/,0.029333829879760742,0.1477973461151123,0.17713117599487305,22
https://fampay.in/blog/365-days-of-internship-at-fampay/,0.028530597686767578,0.24405384063720703,0.2725844383239746,27
https://fampay.in/blog/how-instagram-reel-can-really-grow-your-brand/,0.14899110794067383,0.16333961486816406,0.3123307228088379,29
https://fampay.in/blog/author/suhani/,0.03113245964050293,0.25438380241394043,0.28551626205444336,22
https://fampay.in/blog/config-variables-changing-system-behaviour-live-in-production/,0.03162884712219238,0.1560962200164795,0.18772506713867188,27
https://fampay.in/blog/author/sameeran/,0.030577421188354492,0.11899924278259277,0.14957666397094727,22
https://fampay.in/blog/a-marketers-guide-to-moment-marketing/,0.0339052677154541,0.1390538215637207,0.1729590892791748,34
https://fampay.in/blog/author/priyanka/,0.03071761131286621,0.11278963088989258,0.1435072422027588,22
https://fampay.in/blog/the-story-behind-fampays-tech-stack/,0.0315859317779541,0.1384444236755371,0.1700303554534912,27
https://fampay.in/blog/famstars-we-stress-less-and-accomplish-more/,0.03109598159790039,0.1435990333557129,0.17469501495361328,26
https://fampay.in/blog/author/saipremtelkar/,0.03049945831298828,0.11102747917175293,0.1415269374847412,22
https://fampay.in/blog/tag/famsays/page/2/,0.02958393096923828,0.1833024024963379,0.21288633346557617,23
https://fampay.in/blog/tag/community/,0.03211522102355957,0.13603711128234863,0.1681523323059082,22
https://fampay.in/blog/genz-commits-to-fight-covid-19/,0.029894351959228516,0.1343541145324707,0.16424846649169922,28
https://fampay.in/blog/life-of-an-intern-is-love/,0.030068397521972656,0.16506314277648926,0.19513154029846191,36
https://fampay.in/blog/author/ayushi/,0.03023529052734375,0.15093111991882324,0.181166410446167,22
https://fampay.in/blog/tag/culture/,0.03462100028991699,0.20517349243164062,0.23979449272155762,22
https://fampay.in/blog/12-queer-led-small-businesses-you-need-to-support-this-pride-month/,0.03208613395690918,0.20110249519348145,0.23318862915039062,37
https://fampay.in/blog/3-financial-lessons-from-nature-itself/,0.030565500259399414,0.14503860473632812,0.17560410499572754,31
https://fampay.in/blog/living-life-genz-style/,0.03159832954406738,0.14357447624206543,0.1751728057861328,33
https://fampay.in/blog/remote-working-divided-by-distance-united-by-mission/,0.031598806381225586,0.14093661308288574,0.17253541946411133,27
https://fampay.in/blog/tag/growth/,0.031652212142944336,0.19659209251403809,0.22824430465698242,23
https://fampay.in/blog/getting-your-generations-right-millennials-v-s-genz/,0.031590938568115234,0.14559030532836914,0.17718124389648438,33
https://fampay.in/blog/author/sajal/,0.032663822174072266,0.13226890563964844,0.1649327278137207,22
https://fampay.in/blog/when-building-for-genzs-build-it-on-discord/,0.031052350997924805,0.15248894691467285,0.18354129791259766,29
https://fampay.in/blog/author/aditi/,0.03359341621398926,0.12351155281066895,0.1571049690246582,22
https://fampay.in/blog/club-teens-one-stop-online-community/,0.030236482620239258,0.14707660675048828,0.17731308937072754,30
https://fampay.in/blog/author/kaavyya/,0.03447532653808594,0.12363123893737793,0.15810656547546387,22
https://fampay.in/blog/effectively-harnessing-motion-design-for-genzs/,0.0295712947845459,0.16819548606872559,0.19776678085327148,36
https://fampay.in/blog/author/hrishikesh/,0.031126737594604492,0.1175529956817627,0.1486797332763672,22
https://fampay.in/blog/writing-content-for-a-content-saturated-generation/,0.029835939407348633,0.1403954029083252,0.17023134231567383,36
https://fampay.in/blog/author/diya/,0.028612852096557617,0.11238741874694824,0.14100027084350586,22
https://fampay.in/blog/how-to-grow-your-instagram-followers-a-quick-guide-for-all-genz-brands/,0.029080629348754883,0.15753865242004395,0.18661928176879883,33
https://fampay.in/blog/author/tanya/,0.029573678970336914,0.12776899337768555,0.15734267234802246,22
https://fampay.in/blog/researching-the-unresearched-genzs/,0.029999256134033203,0.13020896911621094,0.16020822525024414,30
https://fampay.in/blog/author/charvi/,0.03099822998046875,0.11903238296508789,0.15003061294555664,22
https://fampay.in/blog/tag/growth/page/2/,0.030498743057250977,0.19157958030700684,0.2220783233642578,22
https://fampay.in/blog/tag/lifestyle/,0.028163433074951172,0.19336843490600586,0.22153186798095703,23
https://fampay.in/blog/the-most-beautiful-college-campuses-in-india/,0.029047489166259766,0.17981505393981934,0.2088625431060791,33
https://fampay.in/blog/every-little-thing-counts-ways-in-which-you-can-contribute-to-society-as-a-teenager/,0.031177043914794922,0.1919856071472168,0.22316265106201172,42
https://fampay.in/blog/tag/lifestyle/page/2/,0.02944040298461914,0.19343185424804688,0.22287225723266602,23
https://fampay.in/blog/tag/pr-news/,0.03025531768798828,0.15765118598937988,0.18790650367736816,22
https://fampay.in/blog/fampay-amongst-linkedins-top-startups-list-2021/,0.03079056739807129,0.18282389640808105,0.21361446380615234,25
https://fampay.in/blog/fampay-partners-with-visa-to-launch-indias-first-doodle-card-for-genz/,0.031015872955322266,0.13965606689453125,0.17067193984985352,27
https://fampay.in/blog/tag/product/,0.030050277709960938,0.1732187271118164,0.20326900482177734,23
https://fampay.in/blog/guide-for-seeking-support-from-fampay-important-dos-and-donts/,0.029607534408569336,0.14570260047912598,0.1753101348876953,29
https://fampay.in/blog/7-clever-saving-hacks-for-teenagers-this-will-save-you-a-fortune/,0.03066706657409668,0.14142084121704102,0.1720879077911377,40
https://fampay.in/blog/what-are-the-perks-of-using-fampay/,0.0301511287689209,0.15117955207824707,0.18133068084716797,35
https://fampay.in/blog/author/ritwick/,0.029566049575805664,0.12076854705810547,0.15033459663391113,22
https://fampay.in/blog/curious-about-famcard-heres-everything-to-know/,0.029598712921142578,0.1441478729248047,0.17374658584594727,30
https://fampay.in/blog/author/shifa/,0.0295867919921875,0.13031363487243652,0.15990042686462402,22
https://fampay.in/blog/what-makes-fampay-secure/,0.029048681259155273,0.1437547206878662,0.17280340194702148,29
https://fampay.in/blog/fampays-guide-to-digital-payments-for-teens-important-dos-and-donts/,0.06217622756958008,0.17782139778137207,0.23999762535095215,26
https://fampay.in/blog/why-do-online-payments-get-stuck-and-what-can-you-do/,0.031080007553100586,0.15757417678833008,0.18865418434143066,26
https://fampay.in/blog/author/tiara/,0.030957460403442383,0.11499309539794922,0.1459505558013916,22
https://fampay.in/blog/how-to-order-a-famcard-in-less-than-5-minutes/,0.02987384796142578,0.14827942848205566,0.17815327644348145,33
https://fampay.in/blog/tag/product/page/2/,0.036179304122924805,0.16223478317260742,0.19841408729553223,22
https://fampay.in/blog/tag/tech/,0.030583620071411133,0.19144153594970703,0.22202515602111816,22
https://fampay.in/blog/how-a-pressing-problem-can-lead-to-technological-innovation/,0.029216527938842773,0.13623905181884766,0.16545557975769043,29
https://fampay.in/blog/author/shiv/,0.03051924705505371,0.12316370010375977,0.15368294715881348,22
https://fampay.in/blog/tag/teenpreneurs/,0.04008340835571289,0.18262600898742676,0.22270941734313965,22
https://fampay.in/blog/how-i-blurred-age-barriers-with-technology/,0.028525590896606445,0.12497544288635254,0.15350103378295898,28
https://fampay.in/blog/author/aadithyan/,0.030063867568969727,0.11604070663452148,0.1461045742034912,22
https://fampay.in/blog/how-to-clean-up-your-android-apps-dependencies-the-ultimate-guide-2/,0.028841733932495117,0.1358506679534912,0.16469240188598633,32
https://wa.me/?text=How%20to%20Clean%20Up%20Your%20Android%20App's%20Dependencies%3A%20The%20Ultimate%20Guide%20https://fampay.in/blog/how-to-clean-up-your-android-apps-dependencies-the-ultimate-guide-2/,0.4298689365386963,0.829458475112915,1.2593274116516113,28
https://www.facebook.com/sharer/sharer.php?u=https://fampay.in/blog/how-to-clean-up-your-android-apps-dependencies-the-ultimate-guide-2/,0.49184751510620117,1.1799037456512451,1.6717512607574463,33
https://twitter.com/intent/tweet?text=How%20to%20Clean%20Up%20Your%20Android%20App's%20Dependencies%3A%20The%20Ultimate%20Guide&url=https://fampay.in/blog/how-to-clean-up-your-android-apps-dependencies-the-ultimate-guide-2/,0.5660977363586426,0.634953498840332,1.2010512351989746,33
https://facebook.com/fampay.in/,0.36895060539245605,0.6199257373809814,0.9888763427734375,34
https://fampay.in/blog/author/fampay/,0.031136751174926758,0.24683666229248047,0.2779734134674072,23
https://fampay.in/blog/author/fampay/page/2/,0.029493331909179688,0.23595881462097168,0.26545214653015137,23
https://fampay.in/blog/discover-fampays-engagement-service-missions-3/,0.03510236740112305,0.13592219352722168,0.17102456092834473,29
https://wa.me/?text=Discover%20FamPay's%20Engagement%20Service%3A%20Missions%20https://fampay.in/blog/discover-fampays-engagement-service-missions-3/,0.2566487789154053,0.6109530925750732,0.8676018714904785,28
https://www.facebook.com/sharer/sharer.php?u=https://fampay.in/blog/discover-fampays-engagement-service-missions-3/,0.2523996829986572,0.8263351917266846,1.0787348747253418,33
https://twitter.com/intent/tweet?text=Discover%20FamPay's%20Engagement%20Service%3A%20Missions&url=https://fampay.in/blog/discover-fampays-engagement-service-missions-3/,0.3074779510498047,0.6318418979644775,0.9393198490142822,33
https://fampay.in/blog/implementing-an-in-memory-queue/,0.032579898834228516,0.2923283576965332,0.3249082565307617,28
https://wa.me/?text=Implementing%20an%20In-memory%20Queue%20%F0%9F%A7%91%E2%80%8D%F0%9F%92%BB%20https://fampay.in/blog/implementing-an-in-memory-queue/,0.2725038528442383,0.8258113861083984,1.0983152389526367,28
https://www.facebook.com/sharer/sharer.php?u=https://fampay.in/blog/implementing-an-in-memory-queue/,0.26154518127441406,0.8156177997589111,1.0771629810333252,33
https://twitter.com/intent/tweet?text=Implementing%20an%20In-memory%20Queue%20%F0%9F%A7%91%E2%80%8D%F0%9F%92%BB&url=https://fampay.in/blog/implementing-an-in-memory-queue/,0.2893509864807129,0.6372554302215576,0.9266064167022705,33
https://fampay.in/blog/covid-19-vaccination-as-a-teen-a-guide/,0.032064199447631836,0.18845772743225098,0.2205219268798828,28
https://wa.me/?text=Covid-19%20Vaccination%20for%20teens%2C%20a%20step-by-step%20guide%F0%9F%92%89%20https://fampay.in/blog/covid-19-vaccination-as-a-teen-a-guide/,0.2583034038543701,0.8856830596923828,1.143986463546753,28
https://www.facebook.com/sharer/sharer.php?u=https://fampay.in/blog/covid-19-vaccination-as-a-teen-a-guide/,0.2528407573699951,0.8243405818939209,1.077181339263916,33
https://twitter.com/intent/tweet?text=Covid-19%20Vaccination%20for%20teens%2C%20a%20step-by-step%20guide%F0%9F%92%89&url=https://fampay.in/blog/covid-19-vaccination-as-a-teen-a-guide/,0.31149721145629883,0.6380562782287598,0.9495534896850586,33
https://fampay.in/blog/why-vaccination-a-guide-to-vaccination-for-teens-in-india/,0.03114795684814453,0.21971678733825684,0.25086474418640137,32
https://wa.me/?text=Why%20Vaccination%3F%F0%9F%92%89%20-%20A%20guide%20to%20vaccination%20for%20teens%20in%20India%20https://fampay.in/blog/why-vaccination-a-guide-to-vaccination-for-teens-in-india/,0.2563443183898926,1.3661916255950928,1.6225359439849854,28
https://www.facebook.com/sharer/sharer.php?u=https://fampay.in/blog/why-vaccination-a-guide-to-vaccination-for-teens-in-india/,0.25584959983825684,0.7991588115692139,1.0550084114074707,33
https://twitter.com/intent/tweet?text=Why%20Vaccination%3F%F0%9F%92%89%20-%20A%20guide%20to%20vaccination%20for%20teens%20in%20India&url=https://fampay.in/blog/why-vaccination-a-guide-to-vaccination-for-teens-in-india/,0.291522741317749,0.6411347389221191,0.9326574802398682,33
https://fampay.in/blog/study-habits-that-are-simple-and-highly-effective/,0.032013893127441406,0.16265201568603516,0.19466590881347656,32
https://wa.me/?text=Study%20habits%20that%20are%20simple%20and%20highly%20effective%20%F0%9F%93%9A%20https://fampay.in/blog/study-habits-that-are-simple-and-highly-effective/,0.25715136528015137,0.9076037406921387,1.16475510597229,28
https://www.facebook.com/sharer/sharer.php?u=https://fampay.in/blog/study-habits-that-are-simple-and-highly-effective/,0.25195741653442383,0.9277698993682861,1.17972731590271,33
https://twitter.com/intent/tweet?text=Study%20habits%20that%20are%20simple%20and%20highly%20effective%20%F0%9F%93%9A&url=https://fampay.in/blog/study-habits-that-are-simple-and-highly-effective/,0.3028898239135742,0.666923999786377,0.9698138236999512,33
https://fampay.in/blog/how-to-save-those-extra-bucks-while-shopping/,0.02978682518005371,0.36040401458740234,0.39019083976745605,25
https://wa.me/?text=How%20to%20save%20those%20extra%20bucks%20while%20shopping%20%F0%9F%8F%AC%20https://fampay.in/blog/how-to-save-those-extra-bucks-while-shopping/,0.26811647415161133,0.6515872478485107,0.9197037220001221,28
https://www.facebook.com/sharer/sharer.php?u=https://fampay.in/blog/how-to-save-those-extra-bucks-while-shopping/,0.26169657707214355,0.79868483543396,1.0603814125061035,33
https://twitter.com/intent/tweet?text=How%20to%20save%20those%20extra%20bucks%20while%20shopping%20%F0%9F%8F%AC&url=https://fampay.in/blog/how-to-save-those-extra-bucks-while-shopping/,0.29076623916625977,0.6321465969085693,0.9229128360748291,33
https://fampay.in/blog/teen-fashion-trends-that-we-love/,0.030637502670288086,0.21228289604187012,0.2429203987121582,29
https://wa.me/?text=Teen%20fashion%20trends%20that%20you%20really%20don't%20want%20to%20miss%F0%9F%91%95%F0%9F%98%8D%20https://fampay.in/blog/teen-fashion-trends-that-we-love/,0.3064093589782715,0.5968499183654785,0.90325927734375,28
https://www.facebook.com/sharer/sharer.php?u=https://fampay.in/blog/teen-fashion-trends-that-we-love/,0.25788235664367676,0.8201510906219482,1.078033447265625,33
https://twitter.com/intent/tweet?text=Teen%20fashion%20trends%20that%20you%20really%20don't%20want%20to%20miss%F0%9F%91%95%F0%9F%98%8D&url=https://fampay.in/blog/teen-fashion-trends-that-we-love/,0.3065483570098877,0.6360087394714355,0.9425570964813232,33
https://fampay.in/blog/how-to-build-your-resume-and-portfolio-right-from-school/,0.029691219329833984,0.21227335929870605,0.24196457862854004,29
https://wa.me/?text=How%20to%20build%20your%20resume%20right%20from%20school%20%F0%9F%9A%80%20https://fampay.in/blog/how-to-build-your-resume-and-portfolio-right-from-school/,0.25701475143432617,0.644812822341919,0.9018275737762451,28
https://www.facebook.com/sharer/sharer.php?u=https://fampay.in/blog/how-to-build-your-resume-and-portfolio-right-from-school/,0.26108598709106445,0.8366920948028564,1.097778081893921,33
https://twitter.com/intent/tweet?text=How%20to%20build%20your%20resume%20right%20from%20school%20%F0%9F%9A%80&url=https://fampay.in/blog/how-to-build-your-resume-and-portfolio-right-from-school/,0.2987642288208008,0.6165523529052734,0.9153165817260742,33
https://fampay.in/blog/productivity-hacks-for-teens-this-will-change-your-life/,0.029975175857543945,0.2221522331237793,0.25212740898132324,30
https://wa.me/?text=Productivity%20hacks%20for%20teens%20-%20Easy%20habits%20to%20upgrade%20your%20life%F0%9F%8E%AF%20https://fampay.in/blog/productivity-hacks-for-teens-this-will-change-your-life/,0.27881669998168945,0.6346819400787354,0.9134986400604248,28
https://www.facebook.com/sharer/sharer.php?u=https://fampay.in/blog/productivity-hacks-for-teens-this-will-change-your-life/,0.25696396827697754,0.8017444610595703,1.0587084293365479,33
https://twitter.com/intent/tweet?text=Productivity%20hacks%20for%20teens%20-%20Easy%20habits%20to%20upgrade%20your%20life%F0%9F%8E%AF&url=https://fampay.in/blog/productivity-hacks-for-teens-this-will-change-your-life/,0.30890607833862305,0.6053900718688965,0.9142961502075195,33
https://fampay.in/blog/page/2/,0.03045940399169922,0.17134737968444824,0.20180678367614746,24
https://fampay.in/blog/page/3/,0.03261995315551758,0.2315065860748291,0.2641265392303467,24
https://www.instagram.com/fampay.in/,0.5351362228393555,1.0502123832702637,1.5853486061096191,167
https://www.linkedin.com/company/fampay/,0.32620716094970703,0.2313692569732666,0.5575764179229736,1
https://fampay.in/careers,0.03263401985168457,0.06863260269165039,0.10126662254333496,46
https://www.instagram.com/lifeatfam/,0.5325589179992676,0.9493136405944824,1.48187255859375,167
https://www.instagram.com/designatfampay/,0.43831396102905273,0.7354826927185059,1.1737966537475586,80
https://fampay.in/partner,0.03312969207763672,0.0952749252319336,0.1284046173095703,58
https://fampay.in/faqs,0.031363725662231445,0.2851123809814453,0.31647610664367676,35
https://fampay.in/blog/,0.030074357986450195,0.19446659088134766,0.22454094886779785,24
https://fampay.in/press,0.03438973426818848,0.09514236450195312,0.1295320987701416,42
https://fampay.in/privacy,0.03406357765197754,0.10812497138977051,0.14218854904174805,31
https://fampay.in/terms,0.03110194206237793,0.11061501502990723,0.14171695709228516,31
https://fampay.in/contact,0.0315089225769043,0.11713218688964844,0.14864110946655273,34
https://famapp.in/about,0.0634310245513916,0.030054807662963867,0.09348583221435547,161
https://famapp.in/blog,0.03661155700683594,0.26645922660827637,0.3030707836151123,24
https://famapp.in/blog/tag/community/,0.10752677917480469,0.11997771263122559,0.22750449180603027,22
https://famapp.in/blog/13-boredom-busters-for-teens/,0.1177222728729248,0.1823129653930664,0.3000352382659912,29
https://wa.me/?text=13%20Things%20to%20do%20when%20you're%20bored%20-%20Boredom%20busters%20for%20teens%20%F0%9F%A4%B3%20https://fampay.in/blog/13-boredom-busters-for-teens/,0.26035094261169434,0.5990562438964844,0.8594071865081787,28
https://www.facebook.com/sharer/sharer.php?u=https://fampay.in/blog/13-boredom-busters-for-teens/,0.25742602348327637,0.7844953536987305,1.0419213771820068,33
https://twitter.com/intent/tweet?text=13%20Things%20to%20do%20when%20you're%20bored%20-%20Boredom%20busters%20for%20teens%20%F0%9F%A4%B3&url=https://fampay.in/blog/13-boredom-busters-for-teens/,0.2894320487976074,0.6087250709533691,0.8981571197509766,33
https://famapp.in/blog/social-commerce-making-money-just-through-social-media/,0.12150216102600098,0.17559456825256348,0.29709672927856445,29
https://wa.me/?text=Social%20Commerce%20-%20Making%20Money%20just%20through%20Social%20Media!%20%F0%9F%92%B8%20https://fampay.in/blog/social-commerce-making-money-just-through-social-media/,0.28366756439208984,0.6030087471008301,0.8866763114929199,28
https://www.facebook.com/sharer/sharer.php?u=https://fampay.in/blog/social-commerce-making-money-just-through-social-media/,0.25946807861328125,0.7926557064056396,1.052123785018921,33
https://twitter.com/intent/tweet?text=Social%20Commerce%20-%20Making%20Money%20just%20through%20Social%20Media!%20%F0%9F%92%B8&url=https://fampay.in/blog/social-commerce-making-money-just-through-social-media/,0.3196578025817871,0.6743454933166504,0.9940032958984375,33
https://famapp.in/blog/how-can-teens-open-shops-on-instagram/,0.17502665519714355,0.1293184757232666,0.30434513092041016,25
https://wa.me/?text=It's%20time%20for%20teens%20to%20open%20shop%20on%20Instagram!%20%F0%9F%9B%8D%EF%B8%8F%20https://fampay.in/blog/how-can-teens-open-shops-on-instagram/,0.2750709056854248,0.6084237098693848,0.8834946155548096,28
https://www.facebook.com/sharer/sharer.php?u=https://fampay.in/blog/how-can-teens-open-shops-on-instagram/,0.2590446472167969,0.8070507049560547,1.0660953521728516,33
https://twitter.com/intent/tweet?text=It's%20time%20for%20teens%20to%20open%20shop%20on%20Instagram!%20%F0%9F%9B%8D%EF%B8%8F&url=https://fampay.in/blog/how-can-teens-open-shops-on-instagram/,0.3033761978149414,0.6352412700653076,0.938617467880249,33
https://famapp.in/blog/genz-commits-to-fight-covid-19/,0.18453621864318848,0.1732020378112793,0.3577382564544678,28
https://wa.me/?text=GenZs%20commit%20to%20fight%20Covid-19%20%F0%9F%8E%AF%20https://fampay.in/blog/genz-commits-to-fight-covid-19/,0.27408719062805176,0.6160900592803955,0.8901772499084473,28
https://www.facebook.com/sharer/sharer.php?u=https://fampay.in/blog/genz-commits-to-fight-covid-19/,0.2593839168548584,0.8184306621551514,1.0778145790100098,33
https://twitter.com/intent/tweet?text=GenZs%20commit%20to%20fight%20Covid-19%20%F0%9F%8E%AF&url=https://fampay.in/blog/genz-commits-to-fight-covid-19/,0.30200815200805664,0.6647732257843018,0.9667813777923584,33
https://famapp.in/blog/life-of-an-intern-is-love/,0.21220827102661133,0.32898426055908203,0.5411925315856934,36
https://wa.me/?text=Life%20of%20an%20Intern%20is%20Love%20%F0%9F%98%8D%20https://fampay.in/blog/life-of-an-intern-is-love/,0.2724628448486328,0.6789524555206299,0.9514153003692627,28
https://www.facebook.com/sharer/sharer.php?u=https://fampay.in/blog/life-of-an-intern-is-love/,0.2553534507751465,1.0669522285461426,1.322305679321289,33
https://twitter.com/intent/tweet?text=Life%20of%20an%20Intern%20is%20Love%20%F0%9F%98%8D&url=https://fampay.in/blog/life-of-an-intern-is-love/,0.2959413528442383,0.6373805999755859,0.9333219528198242,33
https://famapp.in/blog/tag/culture/,0.18213820457458496,0.16897225379943848,0.35111045837402344,22
https://famapp.in/blog/12-queer-led-small-businesses-you-need-to-support-this-pride-month/,0.203963041305542,0.15801143646240234,0.36197447776794434,37
https://wa.me/?text=12%20Queer-led%20Small%20Businesses%20You%20Need%20To%20Support%20This%20Pride%20Month%F0%9F%8C%88%20https://fampay.in/blog/12-queer-led-small-businesses-you-need-to-support-this-pride-month/,0.27897143363952637,0.6749577522277832,0.9539291858673096,28
https://www.facebook.com/sharer/sharer.php?u=https://fampay.in/blog/12-queer-led-small-businesses-you-need-to-support-this-pride-month/,0.25383448600769043,0.799091100692749,1.0529255867004395,33
https://twitter.com/intent/tweet?text=12%20Queer-led%20Small%20Businesses%20You%20Need%20To%20Support%20This%20Pride%20Month%F0%9F%8C%88&url=https://fampay.in/blog/12-queer-led-small-businesses-you-need-to-support-this-pride-month/,0.30071568489074707,0.6393346786499023,0.9400503635406494,33
https://famapp.in/blog/famstars-we-stress-less-and-accomplish-more/,0.15167617797851562,0.15550565719604492,0.30718183517456055,26
https://wa.me/?text=We%20stress%20less%20and%20accomplish%20more%3A%20A%20guide%20on%20how%20we%20get%20things%20done%20at%20FamPay!%20%F0%9F%99%8C%20https://fampay.in/blog/famstars-we-stress-less-and-accomplish-more/,0.274247407913208,0.7458598613739014,1.0201072692871094,28
https://www.facebook.com/sharer/sharer.php?u=https://fampay.in/blog/famstars-we-stress-less-and-accomplish-more/,0.2711479663848877,0.8067402839660645,1.0778882503509521,33
https://twitter.com/intent/tweet?text=We%20stress%20less%20and%20accomplish%20more%3A%20A%20guide%20on%20how%20we%20get%20things%20done%20at%20FamPay!%20%F0%9F%99%8C&url=https://fampay.in/blog/famstars-we-stress-less-and-accomplish-more/,0.288163423538208,0.6420903205871582,0.9302537441253662,33
https://famapp.in/blog/3-financial-lessons-from-nature-itself/,0.15585756301879883,0.16484332084655762,0.32070088386535645,31
https://wa.me/?text=3%20Financial%20Lessons%20from%20Nature%3A%20An%20Earth%20Day%20special%20%F0%9F%8C%8D%20https://fampay.in/blog/3-financial-lessons-from-nature-itself/,0.2749495506286621,0.698375940322876,0.9733254909515381,28
https://www.facebook.com/sharer/sharer.php?u=https://fampay.in/blog/3-financial-lessons-from-nature-itself/,0.27451014518737793,0.7890138626098633,1.0635240077972412,33
https://twitter.com/intent/tweet?text=3%20Financial%20Lessons%20from%20Nature%3A%20An%20Earth%20Day%20special%20%F0%9F%8C%8D&url=https://fampay.in/blog/3-financial-lessons-from-nature-itself/,0.3079416751861572,0.6068675518035889,0.9148092269897461,33
https://famapp.in/blog/living-life-genz-style/,0.250746488571167,0.18606305122375488,0.4368095397949219,33
https://wa.me/?text=Living%20Life%2C%20GenZ%20Style%20%F0%9F%98%8E%20https://fampay.in/blog/living-life-genz-style/,0.27433156967163086,0.670853853225708,0.9451854228973389,28
https://www.facebook.com/sharer/sharer.php?u=https://fampay.in/blog/living-life-genz-style/,0.2703235149383545,0.79109787940979,1.0614213943481445,33
https://twitter.com/intent/tweet?text=Living%20Life%2C%20GenZ%20Style%20%F0%9F%98%8E&url=https://fampay.in/blog/living-life-genz-style/,0.29813361167907715,0.6369621753692627,0.9350957870483398,33
https://famapp.in/blog/remote-working-divided-by-distance-united-by-mission/,0.10545730590820312,0.1731429100036621,0.27860021591186523,27
https://wa.me/?text=Remote%20Working%20%3A%20Divided%20by%20Distance%2C%20United%20by%20Mission%20https://fampay.in/blog/remote-working-divided-by-distance-united-by-mission/,0.28964805603027344,1.0612225532531738,1.3508706092834473,28
https://www.facebook.com/sharer/sharer.php?u=https://fampay.in/blog/remote-working-divided-by-distance-united-by-mission/,0.2759380340576172,0.7910964488983154,1.0670344829559326,33
https://twitter.com/intent/tweet?text=Remote%20Working%20%3A%20Divided%20by%20Distance%2C%20United%20by%20Mission&url=https://fampay.in/blog/remote-working-divided-by-distance-united-by-mission/,0.3002762794494629,0.6161344051361084,0.9164106845855713,33
https://famapp.in/blog/tag/famsays/,0.171539306640625,0.23505735397338867,0.40659666061401367,23
https://famapp.in/blog/a-practical-guide-to-app-store-optimization/,0.14410138130187988,0.163100004196167,0.3072013854980469,28
https://wa.me/?text=A%20practical%20guide%20to%20App%20Store%20Optimization%20(ASO)%20%F0%9F%93%B1%20https://fampay.in/blog/a-practical-guide-to-app-store-optimization/,0.2827870845794678,0.6580407619476318,0.9408278465270996,28
https://www.facebook.com/sharer/sharer.php?u=https://fampay.in/blog/a-practical-guide-to-app-store-optimization/,0.261066198348999,0.8523702621459961,1.1134364604949951,33
https://twitter.com/intent/tweet?text=A%20practical%20guide%20to%20App%20Store%20Optimization%20(ASO)%20%F0%9F%93%B1&url=https://fampay.in/blog/a-practical-guide-to-app-store-optimization/,0.30741095542907715,0.6089165210723877,0.9163274765014648,33
https://famapp.in/blog/365-days-of-internship-at-fampay/,0.12563800811767578,0.11004781723022461,0.2356858253479004,27
https://wa.me/?text=My%20365%20Days%20of%20Internship%20at%20FamPay%20%F0%9F%9A%80%20https://fampay.in/blog/365-days-of-internship-at-fampay/,0.2698659896850586,0.6799821853637695,0.9498481750488281,28
https://www.facebook.com/sharer/sharer.php?u=https://fampay.in/blog/365-days-of-internship-at-fampay/,0.26601386070251465,0.996720552444458,1.2627344131469727,33
https://twitter.com/intent/tweet?text=My%20365%20Days%20of%20Internship%20at%20FamPay%20%F0%9F%9A%80&url=https://fampay.in/blog/365-days-of-internship-at-fampay/,0.30054593086242676,0.6722614765167236,0.9728074073791504,33
https://famapp.in/blog/how-instagram-reel-can-really-grow-your-brand/,0.17026710510253906,0.1697676181793213,0.34003472328186035,29
https://wa.me/?text=How%20Instagram%20Reel%20can%20really%20grow%20your%20brand%20%F0%9F%A4%B3%20https://fampay.in/blog/how-instagram-reel-can-really-grow-your-brand/,0.2808096408843994,0.6519067287445068,0.9327163696289062,28
https://www.facebook.com/sharer/sharer.php?u=https://fampay.in/blog/how-instagram-reel-can-really-grow-your-brand/,0.27472496032714844,0.8731317520141602,1.1478567123413086,33
https://twitter.com/intent/tweet?text=How%20Instagram%20Reel%20can%20really%20grow%20your%20brand%20%F0%9F%A4%B3&url=https://fampay.in/blog/how-instagram-reel-can-really-grow-your-brand/,0.30324602127075195,0.6377787590026855,0.9410247802734375,33
https://famapp.in/blog/config-variables-changing-system-behaviour-live-in-production/,0.1816997528076172,0.25491809844970703,0.4366178512573242,27
https://wa.me/?text=Config%20Variables%3A%20Changing%20System%20Behaviour%20Live%20In%20Production%20%F0%9F%91%A8%E2%80%8D%F0%9F%92%BB%20https://fampay.in/blog/config-variables-changing-system-behaviour-live-in-production/,0.2809586524963379,0.6538684368133545,0.9348270893096924,28
https://www.facebook.com/sharer/sharer.php?u=https://fampay.in/blog/config-variables-changing-system-behaviour-live-in-production/,0.25684309005737305,0.7815728187561035,1.0384159088134766,33
https://twitter.com/intent/tweet?text=Config%20Variables%3A%20Changing%20System%20Behaviour%20Live%20In%20Production%20%F0%9F%91%A8%E2%80%8D%F0%9F%92%BB&url=https://fampay.in/blog/config-variables-changing-system-behaviour-live-in-production/,0.2983691692352295,0.6374497413635254,0.9358189105987549,33
https://famapp.in/blog/a-marketers-guide-to-moment-marketing/,0.11292314529418945,0.28613972663879395,0.3990628719329834,34
https://wa.me/?text=A%20marketers%20guide%20to%20moment%20marketing%20%E2%8F%B0%20https://fampay.in/blog/a-marketers-guide-to-moment-marketing/,0.2644205093383789,0.6544573307037354,0.9188778400421143,28
https://www.facebook.com/sharer/sharer.php?u=https://fampay.in/blog/a-marketers-guide-to-moment-marketing/,0.25351428985595703,0.856407642364502,1.109921932220459,33
https://twitter.com/intent/tweet?text=A%20marketers%20guide%20to%20moment%20marketing%20%E2%8F%B0&url=https://fampay.in/blog/a-marketers-guide-to-moment-marketing/,0.291980504989624,0.6342699527740479,0.9262504577636719,33
https://www.linkedin.com/company/fampay/mycompany/,0.28522801399230957,0.2884640693664551,0.5736920833587646,1
https://famapp.in/blog/the-story-behind-fampays-tech-stack/,0.15335798263549805,0.2339797019958496,0.38733768463134766,27
https://wa.me/?text=The%20Story%20Behind%20FamPay's%20Tech%20Stack%F0%9F%9A%80%20https://fampay.in/blog/the-story-behind-fampays-tech-stack/,0.2552158832550049,0.6413459777832031,0.896561861038208,28
https://www.facebook.com/sharer/sharer.php?u=https://fampay.in/blog/the-story-behind-fampays-tech-stack/,0.26053714752197266,0.7972126007080078,1.0577497482299805,33
https://twitter.com/intent/tweet?text=The%20Story%20Behind%20FamPay's%20Tech%20Stack%F0%9F%9A%80&url=https://fampay.in/blog/the-story-behind-fampays-tech-stack/,0.3242337703704834,0.612595796585083,0.9368295669555664,33
https://famapp.in/blog/tag/famsays/page/2/,0.23969650268554688,0.1898658275604248,0.4295623302459717,23
https://famapp.in/blog/getting-your-generations-right-millennials-v-s-genz/,0.13884449005126953,0.1580212116241455,0.29686570167541504,33
https://wa.me/?text=Getting%20your%20Generations%20Right%2C%20Millennials%20V%2FS%20GenZ!%20%F0%9F%A4%BC%E2%80%8D%E2%99%82%EF%B8%8F%20https://fampay.in/blog/getting-your-generations-right-millennials-v-s-genz/,0.27102231979370117,0.6505639553070068,0.921586275100708,28
https://www.facebook.com/sharer/sharer.php?u=https://fampay.in/blog/getting-your-generations-right-millennials-v-s-genz/,0.2632737159729004,0.781113862991333,1.0443875789642334,33
https://twitter.com/intent/tweet?text=Getting%20your%20Generations%20Right%2C%20Millennials%20V%2FS%20GenZ!%20%F0%9F%A4%BC%E2%80%8D%E2%99%82%EF%B8%8F&url=https://fampay.in/blog/getting-your-generations-right-millennials-v-s-genz/,0.29712891578674316,0.6082794666290283,0.9054083824157715,33
https://famapp.in/blog/when-building-for-genzs-build-it-on-discord/,0.2164311408996582,0.13798904418945312,0.35442018508911133,29
https://wa.me/?text=When%20building%20for%20GenZs%2C%20build%20it%20on%20Discord%20%F0%9F%91%BE%20https://fampay.in/blog/when-building-for-genzs-build-it-on-discord/,0.28450489044189453,0.6572082042694092,0.9417130947113037,28
https://www.facebook.com/sharer/sharer.php?u=https://fampay.in/blog/when-building-for-genzs-build-it-on-discord/,0.25336289405822754,0.8535752296447754,1.106938123703003,33
https://twitter.com/intent/tweet?text=When%20building%20for%20GenZs%2C%20build%20it%20on%20Discord%20%F0%9F%91%BE&url=https://fampay.in/blog/when-building-for-genzs-build-it-on-discord/,0.297806978225708,0.633216381072998,0.931023359298706,33
https://famapp.in/blog/club-teens-one-stop-online-community/,0.14091014862060547,0.11588430404663086,0.25679445266723633,30
https://wa.me/?text=Club%3A%20FamPay's%20in-app%20exclusive%20community!%20%F0%9F%A4%A9%20https://fampay.in/blog/club-teens-one-stop-online-community/,0.25627565383911133,0.6475164890289307,0.903792142868042,28
https://www.facebook.com/sharer/sharer.php?u=https://fampay.in/blog/club-teens-one-stop-online-community/,0.25414180755615234,0.7759099006652832,1.0300517082214355,33
https://twitter.com/intent/tweet?text=Club%3A%20FamPay's%20in-app%20exclusive%20community!%20%F0%9F%A4%A9&url=https://fampay.in/blog/club-teens-one-stop-online-community/,0.30021238327026367,0.6378707885742188,0.9380831718444824,33
https://famapp.in/blog/effectively-harnessing-motion-design-for-genzs/,0.14895939826965332,0.2056114673614502,0.3545708656311035,36
https://wa.me/?text=Effectively%20harnessing%20Motion%20Design%20for%20GenZs%20https://fampay.in/blog/effectively-harnessing-motion-design-for-genzs/,0.25167179107666016,0.653050422668457,0.9047222137451172,28
https://www.facebook.com/sharer/sharer.php?u=https://fampay.in/blog/effectively-harnessing-motion-design-for-genzs/,0.25495076179504395,0.7824094295501709,1.0373601913452148,33
https://twitter.com/intent/tweet?text=Effectively%20harnessing%20Motion%20Design%20for%20GenZs&url=https://fampay.in/blog/effectively-harnessing-motion-design-for-genzs/,0.3075268268585205,0.6692905426025391,0.9768173694610596,33
https://famapp.in/blog/what-are-the-perks-of-using-fampay/,0.20365047454833984,0.34694933891296387,0.5505998134613037,35
https://wa.me/?text=What%20are%20the%20perks%20of%20using%20FamPay%3F%20%F0%9F%98%8D%20https://fampay.in/blog/what-are-the-perks-of-using-fampay/,0.2647261619567871,0.8607010841369629,1.12542724609375,28
https://www.facebook.com/sharer/sharer.php?u=https://fampay.in/blog/what-are-the-perks-of-using-fampay/,0.26944875717163086,0.8143250942230225,1.0837738513946533,33
https://twitter.com/intent/tweet?text=What%20are%20the%20perks%20of%20using%20FamPay%3F%20%F0%9F%98%8D&url=https://fampay.in/blog/what-are-the-perks-of-using-fampay/,0.2991783618927002,0.6049034595489502,0.9040818214416504,33
https://fampay.in/blog/savings-for-teens-its-never-too-early-to-start/,0.12599778175354004,0.1918647289276123,0.31786251068115234,29
https://fampay.in/blog/building-indias-first-genz-teen-exclusive-community/,0.06722712516784668,0.1905231475830078,0.2577502727508545,33
https://famapp.in/blog/curious-about-famcard-heres-everything-to-know/,0.2547602653503418,0.17340993881225586,0.42817020416259766,30
https://wa.me/?text=Curious%20about%20FamCard%3F%F0%9F%92%B3%20Here%E2%80%99s%20everything%20to%20know%3A%20FAQs%20by%20teens%20on%20FamCard%20https://fampay.in/blog/curious-about-famcard-heres-everything-to-know/,0.27476978302001953,0.6202030181884766,0.8949728012084961,28
https://www.facebook.com/sharer/sharer.php?u=https://fampay.in/blog/curious-about-famcard-heres-everything-to-know/,0.25545597076416016,0.8362617492675781,1.0917177200317383,33
https://twitter.com/intent/tweet?text=Curious%20about%20FamCard%3F%F0%9F%92%B3%20Here%E2%80%99s%20everything%20to%20know%3A%20FAQs%20by%20teens%20on%20FamCard&url=https://fampay.in/blog/curious-about-famcard-heres-everything-to-know/,0.2892165184020996,0.6414129734039307,0.9306294918060303,33
https://fampay.in/blog/famcard-your-first-debit-card/,0.028589963912963867,0.16971468925476074,0.1983046531677246,19
https://fampay.in/blog/everything-you-need-to-know-about-our-numberless-card/,0.03731560707092285,0.29134154319763184,0.3286571502685547,30
https://famapp.in/blog/writing-content-for-a-content-saturated-generation/,0.11961913108825684,0.19931674003601074,0.3189358711242676,36
https://wa.me/?text=Writing%20content%20for%20a%20content-saturated%20generation%20%E2%9C%8D%20https://fampay.in/blog/writing-content-for-a-content-saturated-generation/,0.26703643798828125,0.6283705234527588,0.89540696144104,28
https://www.facebook.com/sharer/sharer.php?u=https://fampay.in/blog/writing-content-for-a-content-saturated-generation/,0.2994649410247803,0.9319090843200684,1.2313740253448486,33
https://twitter.com/intent/tweet?text=Writing%20content%20for%20a%20content-saturated%20generation%20%E2%9C%8D&url=https://fampay.in/blog/writing-content-for-a-content-saturated-generation/,0.30302977561950684,0.6325206756591797,0.9355504512786865,33
https://famapp.in/blog/how-to-grow-your-instagram-followers-a-quick-guide-for-all-genz-brands/,0.2299802303314209,0.2910616397857666,0.5210418701171875,33
https://wa.me/?text=How%20to%20grow%20your%20Instagram%20followers%3F%F0%9F%A4%B3%20-%20A%20quick%20guide%20for%20all%20GenZ%20brands!%20https://fampay.in/blog/how-to-grow-your-instagram-followers-a-quick-guide-for-all-genz-brands/,0.25722479820251465,0.6267046928405762,0.8839294910430908,28
https://www.facebook.com/sharer/sharer.php?u=https://fampay.in/blog/how-to-grow-your-instagram-followers-a-quick-guide-for-all-genz-brands/,0.29020214080810547,1.074862003326416,1.3650641441345215,33
https://twitter.com/intent/tweet?text=How%20to%20grow%20your%20Instagram%20followers%3F%F0%9F%A4%B3%20-%20A%20quick%20guide%20for%20all%20GenZ%20brands!&url=https://fampay.in/blog/how-to-grow-your-instagram-followers-a-quick-guide-for-all-genz-brands/,0.3033938407897949,0.8416430950164795,1.1450369358062744,33
https://www.instagram.com/explore/tags/getfampaid/,1.9361557960510254,1.9596359729766846,3.89579176902771,160
https://famapp.in/blog/why-do-online-payments-get-stuck-and-what-can-you-do/,0.20071959495544434,0.19972753524780273,0.40044713020324707,26
https://wa.me/?text=Why%20do%20online%20payments%20get%20stuck%20and%20what%20can%20you%20do%3F%20%F0%9F%A4%94%20https://fampay.in/blog/why-do-online-payments-get-stuck-and-what-can-you-do/,0.29067254066467285,0.8552579879760742,1.145930528640747,28
https://www.facebook.com/sharer/sharer.php?u=https://fampay.in/blog/why-do-online-payments-get-stuck-and-what-can-you-do/,0.28867650032043457,0.8070640563964844,1.095740556716919,33
https://twitter.com/intent/tweet?text=Why%20do%20online%20payments%20get%20stuck%20and%20what%20can%20you%20do%3F%20%F0%9F%A4%94&url=https://fampay.in/blog/why-do-online-payments-get-stuck-and-what-can-you-do/,0.2987480163574219,0.6450080871582031,0.943756103515625,33
https://famapp.in/blog/tag/famsays/page/3/,0.18052387237548828,0.16227293014526367,0.34279680252075195,22
https://famapp.in/blog/researching-the-unresearched-genzs/,0.1076819896697998,0.15917062759399414,0.26685261726379395,30
https://famapp.in/blog/building-indias-first-genz-teen-exclusive-community/,0.1469864845275879,0.1768481731414795,0.3238346576690674,33
https://famapp.in/blog/journey-to-the-centre-of-100k-downloads/,0.14804983139038086,0.13172078132629395,0.2797706127166748,30
https://famapp.in/blog/tag/growth/,0.17366433143615723,0.16856050491333008,0.3422248363494873,23
https://famapp.in/blog/tag/growth/page/2/,0.09383893013000488,0.4130058288574219,0.5068447589874268,22
https://famapp.in/blog/tag/lifestyle/,0.17889142036437988,0.1893939971923828,0.3682854175567627,23
https://famapp.in/blog/decor-ideas-that-would-transform-your-room-at-home-or-hostel/,0.16939425468444824,0.10698723793029785,0.2763814926147461,29
https://wa.me/?text=D%C3%A9cor%20ideas%20that%20would%20transform%20your%20room%20at%20home%20or%20hostel%F0%9F%8E%A8%20https://fampay.in/blog/decor-ideas-that-would-transform-your-room-at-home-or-hostel/,0.26886844635009766,0.6065769195556641,0.8754453659057617,28
https://www.facebook.com/sharer/sharer.php?u=https://fampay.in/blog/decor-ideas-that-would-transform-your-room-at-home-or-hostel/,0.25821638107299805,0.8107831478118896,1.0689995288848877,33
https://twitter.com/intent/tweet?text=D%C3%A9cor%20ideas%20that%20would%20transform%20your%20room%20at%20home%20or%20hostel%F0%9F%8E%A8&url=https://fampay.in/blog/decor-ideas-that-would-transform-your-room-at-home-or-hostel/,0.3130176067352295,0.66770339012146,0.9807209968566895,33
https://famapp.in/blog/the-most-beautiful-college-campuses-in-india/,0.1736907958984375,0.12523865699768066,0.29892945289611816,33
https://wa.me/?text=The%20most%20beautiful%20college%20campuses%20in%20India%20%F0%9F%8E%93%20https://fampay.in/blog/the-most-beautiful-college-campuses-in-india/,0.2656869888305664,0.6083385944366455,0.8740255832672119,28
https://www.facebook.com/sharer/sharer.php?u=https://fampay.in/blog/the-most-beautiful-college-campuses-in-india/,0.2613973617553711,0.8134667873382568,1.074864149093628,33
https://twitter.com/intent/tweet?text=The%20most%20beautiful%20college%20campuses%20in%20India%20%F0%9F%8E%93&url=https://fampay.in/blog/the-most-beautiful-college-campuses-in-india/,0.32210445404052734,0.6365995407104492,0.9587039947509766,33
https://famapp.in/blog/every-little-thing-counts-ways-in-which-you-can-contribute-to-society-as-a-teenager/,0.14217400550842285,0.1579453945159912,0.30011940002441406,42
https://wa.me/?text=Every%20Little%20Thing%20Counts-%20Ways%20in%20Which%20You%20Can%20Contribute%20to%20Society%20as%20a%20Teenager%F0%9F%92%AA%F0%9F%8F%BD%F0%9F%A7%91%E2%80%8D%F0%9F%8E%93%20https://fampay.in/blog/every-little-thing-counts-ways-in-which-you-can-contribute-to-society-as-a-teenager/,0.2616562843322754,0.6400244235992432,0.9016807079315186,28
https://www.facebook.com/sharer/sharer.php?u=https://fampay.in/blog/every-little-thing-counts-ways-in-which-you-can-contribute-to-society-as-a-teenager/,0.28667426109313965,0.8066108226776123,1.093285083770752,33
https://twitter.com/intent/tweet?text=Every%20Little%20Thing%20Counts-%20Ways%20in%20Which%20You%20Can%20Contribute%20to%20Society%20as%20a%20Teenager%F0%9F%92%AA%F0%9F%8F%BD%F0%9F%A7%91%E2%80%8D%F0%9F%8E%93&url=https://fampay.in/blog/every-little-thing-counts-ways-in-which-you-can-contribute-to-society-as-a-teenager/,0.29137277603149414,0.67734694480896,0.9687197208404541,33
https://famapp.in/blog/tag/lifestyle/page/2/,0.16607022285461426,0.20879411697387695,0.3748643398284912,23
https://famapp.in/blog/baddie-on-a-budget-budgeting-tricks-for-teens/,0.19830036163330078,0.3140251636505127,0.5123255252838135,29
https://wa.me/?text=Baddie%20on%20a%20Budget%3A%20Budgeting%20Tricks%20for%20Teens%20%F0%9F%98%8E%F0%9F%92%85%F0%9F%92%B0%20https://fampay.in/blog/baddie-on-a-budget-budgeting-tricks-for-teens/,0.26407623291015625,0.5968050956726074,0.8608813285827637,28
https://www.facebook.com/sharer/sharer.php?u=https://fampay.in/blog/baddie-on-a-budget-budgeting-tricks-for-teens/,0.2708439826965332,0.7922112941741943,1.0630552768707275,33
https://twitter.com/intent/tweet?text=Baddie%20on%20a%20Budget%3A%20Budgeting%20Tricks%20for%20Teens%20%F0%9F%98%8E%F0%9F%92%85%F0%9F%92%B0&url=https://fampay.in/blog/baddie-on-a-budget-budgeting-tricks-for-teens/,0.3063089847564697,0.6370551586151123,0.943364143371582,33
https://famapp.in/blog/5-habits-of-highly-successful-teens/,0.1698763370513916,0.13197660446166992,0.3018529415130615,31
https://wa.me/?text=5%20Habits%20of%20Highly%20Successful%20Teens%20%F0%9F%9A%80%20https://fampay.in/blog/5-habits-of-highly-successful-teens/,0.26462292671203613,0.5840756893157959,0.848698616027832,28
https://www.facebook.com/sharer/sharer.php?u=https://fampay.in/blog/5-habits-of-highly-successful-teens/,0.2823777198791504,0.7833657264709473,1.0657434463500977,33
https://twitter.com/intent/tweet?text=5%20Habits%20of%20Highly%20Successful%20Teens%20%F0%9F%9A%80&url=https://fampay.in/blog/5-habits-of-highly-successful-teens/,0.3082265853881836,0.6432604789733887,0.9514870643615723,33
https://famapp.in/blog/mental-health-matters-5-things-to-remember-while-in-quarantine/,0.16411423683166504,0.16808176040649414,0.3321959972381592,31
https://wa.me/?text=Mental%20Health%20Matters%3A%205%20Things%20to%20Remember%20While%20in%20Quarantine%20https://fampay.in/blog/mental-health-matters-5-things-to-remember-while-in-quarantine/,0.25943708419799805,0.6285207271575928,0.8879578113555908,28
https://www.facebook.com/sharer/sharer.php?u=https://fampay.in/blog/mental-health-matters-5-things-to-remember-while-in-quarantine/,0.2428593635559082,0.7860689163208008,1.028928279876709,33
https://twitter.com/intent/tweet?text=Mental%20Health%20Matters%3A%205%20Things%20to%20Remember%20While%20in%20Quarantine&url=https://fampay.in/blog/mental-health-matters-5-things-to-remember-while-in-quarantine/,0.30115580558776855,0.6356463432312012,0.9368021488189697,33
https://famapp.in/blog/top-5-platforms-for-students-to-learn-new-things/,0.15666556358337402,0.15796375274658203,0.31462931632995605,30
https://wa.me/?text=Top%205%20Platforms%20for%20Students%20to%20Learn%20New%20Things%20%F0%9F%93%9A%F0%9F%93%96%F0%9F%93%95%20https://fampay.in/blog/top-5-platforms-for-students-to-learn-new-things/,0.2627434730529785,0.5901329517364502,0.8528764247894287,28
https://www.facebook.com/sharer/sharer.php?u=https://fampay.in/blog/top-5-platforms-for-students-to-learn-new-things/,0.2535429000854492,0.7661933898925781,1.0197362899780273,33
https://twitter.com/intent/tweet?text=Top%205%20Platforms%20for%20Students%20to%20Learn%20New%20Things%20%F0%9F%93%9A%F0%9F%93%96%F0%9F%93%95&url=https://fampay.in/blog/top-5-platforms-for-students-to-learn-new-things/,0.3019883632659912,0.6370542049407959,0.9390425682067871,33
https://famapp.in/blog/from-teenage-to-teen-entrepreneurs-make-your-story-inspiring/,0.18769311904907227,0.1835956573486328,0.3712887763977051,32
https://wa.me/?text=From%20Teenage%20to%20Teen%20Entrepreneurs%20-%20Make%20your%20Story%20Inspiring%20%F0%9F%96%A5%EF%B8%8F%F0%9F%91%A9%E2%80%8D%F0%9F%92%BC%F0%9F%91%A8%E2%80%8D%F0%9F%92%BC%20https://fampay.in/blog/from-teenage-to-teen-entrepreneurs-make-your-story-inspiring/,0.27072811126708984,0.6373934745788574,0.9081215858459473,28
https://www.facebook.com/sharer/sharer.php?u=https://fampay.in/blog/from-teenage-to-teen-entrepreneurs-make-your-story-inspiring/,0.23913359642028809,0.777987003326416,1.017120599746704,33
https://twitter.com/intent/tweet?text=From%20Teenage%20to%20Teen%20Entrepreneurs%20-%20Make%20your%20Story%20Inspiring%20%F0%9F%96%A5%EF%B8%8F%F0%9F%91%A9%E2%80%8D%F0%9F%92%BC%F0%9F%91%A8%E2%80%8D%F0%9F%92%BC&url=https://fampay.in/blog/from-teenage-to-teen-entrepreneurs-make-your-story-inspiring/,0.3000490665435791,0.6387519836425781,0.9388010501861572,33
https://famapp.in/blog/top-4-head-turning-fashion-tips-and-trends-for-the-sassy-gen-z/,0.15333294868469238,0.17250370979309082,0.3258366584777832,29
https://wa.me/?text=Top%204%20Head-Turning%20Fashion%20Tips%20and%20Trends%20For%20The%20Sassy%20Gen%20Z%20%F0%9F%A4%B3%F0%9F%A4%A9%F0%9F%91%B8%F0%9F%A4%B4%20https://fampay.in/blog/top-4-head-turning-fashion-tips-and-trends-for-the-sassy-gen-z/,0.2775571346282959,0.646186113357544,0.9237432479858398,28
https://www.facebook.com/sharer/sharer.php?u=https://fampay.in/blog/top-4-head-turning-fashion-tips-and-trends-for-the-sassy-gen-z/,0.24477601051330566,0.954120397567749,1.1988964080810547,33
https://twitter.com/intent/tweet?text=Top%204%20Head-Turning%20Fashion%20Tips%20and%20Trends%20For%20The%20Sassy%20Gen%20Z%20%F0%9F%A4%B3%F0%9F%A4%A9%F0%9F%91%B8%F0%9F%A4%B4&url=https://fampay.in/blog/top-4-head-turning-fashion-tips-and-trends-for-the-sassy-gen-z/,0.39554452896118164,0.6704845428466797,1.0660290718078613,33
https://get.fampay.in/,0.34328556060791016,0.7534592151641846,1.0967447757720947,15
https://famapp.in/blog/gen-z-gaming-how-to-make-real-money-by-playing-video-games/,0.14843058586120605,0.15442180633544922,0.3028523921966553,38
https://wa.me/?text=Gen%20Z%20%26%20Gaming%3A%20How%20To%20Make%20Real%20Money%20By%20Playing%20Video%20Games%3F%20%F0%9F%8E%AE%20https://fampay.in/blog/gen-z-gaming-how-to-make-real-money-by-playing-video-games/,0.26216959953308105,0.581881046295166,0.8440506458282471,28
https://www.facebook.com/sharer/sharer.php?u=https://fampay.in/blog/gen-z-gaming-how-to-make-real-money-by-playing-video-games/,0.2538731098175049,0.7793059349060059,1.0331790447235107,33
https://twitter.com/intent/tweet?text=Gen%20Z%20%26%20Gaming%3A%20How%20To%20Make%20Real%20Money%20By%20Playing%20Video%20Games%3F%20%F0%9F%8E%AE&url=https://fampay.in/blog/gen-z-gaming-how-to-make-real-money-by-playing-video-games/,0.2987709045410156,0.6609964370727539,0.9597673416137695,33
https://famapp.in/blog/teen-bucket-list-10-things-you-must-to-do-in-your-teens/,0.19987821578979492,0.18343210220336914,0.38331031799316406,37
https://wa.me/?text=Teen%20bucket%20list%F0%9F%98%83%20-%2010%20things%20you%20must%20to%20do%20in%20your%20teens!%20https://fampay.in/blog/teen-bucket-list-10-things-you-must-to-do-in-your-teens/,0.2819364070892334,0.635993480682373,0.9179298877716064,28
https://www.facebook.com/sharer/sharer.php?u=https://fampay.in/blog/teen-bucket-list-10-things-you-must-to-do-in-your-teens/,0.24563312530517578,0.7789592742919922,1.024592399597168,33
https://twitter.com/intent/tweet?text=Teen%20bucket%20list%F0%9F%98%83%20-%2010%20things%20you%20must%20to%20do%20in%20your%20teens!&url=https://fampay.in/blog/teen-bucket-list-10-things-you-must-to-do-in-your-teens/,0.3120594024658203,0.6649520397186279,0.9770114421844482,33
https://fampay.in/blog/jumpstart-your-career-5-unconventional-career-choices-for-genzs/,0.02954411506652832,0.19422483444213867,0.223768949508667,30
https://famapp.in/blog/looking-for-financial-independence-as-a-youngster-5-ways-to-earn-while-youre-young/,0.14154720306396484,0.10836100578308105,0.2499082088470459,30
https://wa.me/?text=Looking%20for%20Financial%20Independence%20as%20a%20Youngster%3F%205%20Ways%20to%20Earn%20While%20you%E2%80%99re%20Young%F0%9F%A4%91%20https://fampay.in/blog/looking-for-financial-independence-as-a-youngster-5-ways-to-earn-while-youre-young/,0.270291805267334,0.6941027641296387,0.9643945693969727,28
https://www.facebook.com/sharer/sharer.php?u=https://fampay.in/blog/looking-for-financial-independence-as-a-youngster-5-ways-to-earn-while-youre-young/,0.23761367797851562,0.7648050785064697,1.0024187564849854,33
https://twitter.com/intent/tweet?text=Looking%20for%20Financial%20Independence%20as%20a%20Youngster%3F%205%20Ways%20to%20Earn%20While%20you%E2%80%99re%20Young%F0%9F%A4%91&url=https://fampay.in/blog/looking-for-financial-independence-as-a-youngster-5-ways-to-earn-while-youre-young/,0.2930886745452881,0.6725292205810547,0.9656178951263428,33
https://famapp.in/blog/want-to-become-a-teenage-influencer-start-here/,0.11186099052429199,0.15335583686828613,0.2652168273925781,35
https://wa.me/?text=Quick%20Guide%20to%20be%20a%20Teenfluencer%20%F0%9F%91%B8%F0%9F%A4%B4%20https://fampay.in/blog/want-to-become-a-teenage-influencer-start-here/,0.2735588550567627,0.5801324844360352,0.8536913394927979,28
https://www.facebook.com/sharer/sharer.php?u=https://fampay.in/blog/want-to-become-a-teenage-influencer-start-here/,0.25573158264160156,0.7959067821502686,1.0516383647918701,33
https://twitter.com/intent/tweet?text=Quick%20Guide%20to%20be%20a%20Teenfluencer%20%F0%9F%91%B8%F0%9F%A4%B4&url=https://fampay.in/blog/want-to-become-a-teenage-influencer-start-here/,0.2968719005584717,0.640277624130249,0.9371495246887207,33
https://famapp.in/blog/tag/lifestyle/page/3/,0.33561086654663086,0.12598061561584473,0.4615914821624756,22
https://famapp.in/blog/jumpstart-your-career-5-unconventional-career-choices-for-genzs/,0.1532888412475586,0.14471435546875,0.2980031967163086,30
https://famapp.in/blog/how-to-go-from-awkward-to-awesome-in-your-teens/,0.14529728889465332,0.13672900199890137,0.2820262908935547,31
https://famapp.in/blog/7-cool-insta-dads-of-bollywood/,0.11295080184936523,0.1210181713104248,0.23396897315979004,39
https://famapp.in/blog/tag/news/,0.10070180892944336,0.10636734962463379,0.20706915855407715,22
https://famapp.in/blog/teen-focused-fintech-startup-fampay-raises-38m-in-series-a/,0.09585976600646973,0.11873936653137207,0.2145991325378418,28
https://wa.me/?text=Teen%20focused%20fintech%20startup%20FamPay%20raises%20%2438M%20in%20Series%20A%20https://fampay.in/blog/teen-focused-fintech-startup-fampay-raises-38m-in-series-a/,0.27486300468444824,0.686565637588501,0.9614286422729492,28
https://www.facebook.com/sharer/sharer.php?u=https://fampay.in/blog/teen-focused-fintech-startup-fampay-raises-38m-in-series-a/,0.24824166297912598,0.7889974117279053,1.0372390747070312,33
https://twitter.com/intent/tweet?text=Teen%20focused%20fintech%20startup%20FamPay%20raises%20%2438M%20in%20Series%20A&url=https://fampay.in/blog/teen-focused-fintech-startup-fampay-raises-38m-in-series-a/,0.28934359550476074,0.6695806980133057,0.9589242935180664,33
https://famapp.in/blog/fampay-is-set-to-launch-indias-first-and-biggest-digi-fest-for-teens/,0.13933348655700684,0.14777660369873047,0.2871100902557373,25
https://wa.me/?text=FamPay%20is%20set%20to%20launch%20India%E2%80%99s%20first%20and%20biggest%20Digi-Fest%20for%20Teens%20https://fampay.in/blog/fampay-is-set-to-launch-indias-first-and-biggest-digi-fest-for-teens/,0.26868414878845215,0.6714279651641846,0.9401121139526367,28
https://www.facebook.com/sharer/sharer.php?u=https://fampay.in/blog/fampay-is-set-to-launch-indias-first-and-biggest-digi-fest-for-teens/,0.2475719451904297,0.7753794193267822,1.022951364517212,33
https://twitter.com/intent/tweet?text=FamPay%20is%20set%20to%20launch%20India%E2%80%99s%20first%20and%20biggest%20Digi-Fest%20for%20Teens&url=https://fampay.in/blog/fampay-is-set-to-launch-indias-first-and-biggest-digi-fest-for-teens/,0.28789591789245605,0.6372449398040771,0.9251408576965332,33
https://www.aninews.in/news/business/fampay-is-set-to-launch-indias-first-and-biggest-digi-fest-for-teens20201104123744/,0.15711379051208496,0.03305506706237793,0.1901688575744629,0
https://www.aninews.in/topic/fampay/,0.04813718795776367,0.030332565307617188,0.07846975326538086,0
https://famapp.in/blog/zetas-fusion-to-power-fampays-cashless-payments-for-gen-z/,0.14711833000183105,0.15257477760314941,0.29969310760498047,25
https://wa.me/?text=Zeta%E2%80%99s%20Fusion%20To%20Power%20FamPay%E2%80%99s%20Cashless%20Payments%20For%20Gen%20Z%20https://fampay.in/blog/zetas-fusion-to-power-fampays-cashless-payments-for-gen-z/,0.27812647819519043,0.8877196311950684,1.1658461093902588,28
https://www.facebook.com/sharer/sharer.php?u=https://fampay.in/blog/zetas-fusion-to-power-fampays-cashless-payments-for-gen-z/,0.2490217685699463,0.7756094932556152,1.0246312618255615,33
https://twitter.com/intent/tweet?text=Zeta%E2%80%99s%20Fusion%20To%20Power%20FamPay%E2%80%99s%20Cashless%20Payments%20For%20Gen%20Z&url=https://fampay.in/blog/zetas-fusion-to-power-fampays-cashless-payments-for-gen-z/,0.29982948303222656,0.6428723335266113,0.9427018165588379,33
https://famapp.in/blog/digital-payments-exploding-in-india-yet-the-tech-savvy-teens-still-stuck-paying-with-cash-survey-by-fampay-indias-first-neobank-for-teenagers/,0.15482616424560547,0.17170310020446777,0.32652926445007324,28
https://wa.me/?text=Digital%20Payments%20Exploding%20in%20India%2C%20Yet%20the%20Tech-Savvy%20Teens%20Still%20Stuck%20Paying%20with%20Cash%20https://fampay.in/blog/digital-payments-exploding-in-india-yet-the-tech-savvy-teens-still-stuck-paying-with-cash-survey-by-fampay-indias-first-neobank-for-teenagers/,0.2704946994781494,0.6129724979400635,0.8834671974182129,28
https://www.facebook.com/sharer/sharer.php?u=https://fampay.in/blog/digital-payments-exploding-in-india-yet-the-tech-savvy-teens-still-stuck-paying-with-cash-survey-by-fampay-indias-first-neobank-for-teenagers/,0.2557675838470459,0.7910051345825195,1.0467727184295654,33
https://twitter.com/intent/tweet?text=Digital%20Payments%20Exploding%20in%20India%2C%20Yet%20the%20Tech-Savvy%20Teens%20Still%20Stuck%20Paying%20with%20Cash&url=https://fampay.in/blog/digital-payments-exploding-in-india-yet-the-tech-savvy-teens-still-stuck-paying-with-cash-survey-by-fampay-indias-first-neobank-for-teenagers/,0.3006007671356201,0.6378257274627686,0.9384264945983887,33
https://famapp.in/blog/this-fintech-startup-by-iit-roorkee-alum-is-giving-teenagers-financial-freedom-responsibly-yourstory/,0.1489858627319336,0.13993287086486816,0.28891873359680176,27
https://wa.me/?text=This%20fintech%20startup%20by%20IIT%20Roorkee%20alum%20is%20giving%20teenagers%20financial%20freedom%20responsibly%3A%20YourStory%20https://fampay.in/blog/this-fintech-startup-by-iit-roorkee-alum-is-giving-teenagers-financial-freedom-responsibly-yourstory/,0.27767372131347656,0.6096687316894531,0.8873424530029297,28
https://www.facebook.com/sharer/sharer.php?u=https://fampay.in/blog/this-fintech-startup-by-iit-roorkee-alum-is-giving-teenagers-financial-freedom-responsibly-yourstory/,0.25177860260009766,0.7901060581207275,1.0418846607208252,33
https://twitter.com/intent/tweet?text=This%20fintech%20startup%20by%20IIT%20Roorkee%20alum%20is%20giving%20teenagers%20financial%20freedom%20responsibly%3A%20YourStory&url=https://fampay.in/blog/this-fintech-startup-by-iit-roorkee-alum-is-giving-teenagers-financial-freedom-responsibly-yourstory/,0.31145191192626953,0.6082768440246582,0.9197287559509277,33
https://famapp.in/blog/fampay-announces-launch-of-indias-first-numberless-card/,0.17656397819519043,0.15178155899047852,0.32834553718566895,27
https://wa.me/?text=FamPay%20Announces%20Launch%20of%20India%E2%80%99s%20First%20Numberless%20Card%20https://fampay.in/blog/fampay-announces-launch-of-indias-first-numberless-card/,0.2840578556060791,0.6368520259857178,0.9209098815917969,28
https://www.facebook.com/sharer/sharer.php?u=https://fampay.in/blog/fampay-announces-launch-of-indias-first-numberless-card/,0.27497100830078125,0.8615491390228271,1.1365201473236084,33
https://twitter.com/intent/tweet?text=FamPay%20Announces%20Launch%20of%20India%E2%80%99s%20First%20Numberless%20Card&url=https://fampay.in/blog/fampay-announces-launch-of-indias-first-numberless-card/,0.2970099449157715,0.6032791137695312,0.9002890586853027,33
http://www.fampay.in/,0.08483695983886719,0.27907824516296387,0.36391520500183105,76
http://www.fampay.in/about,0.026555776596069336,0.1630723476409912,0.18962812423706055,161
http://www.fampay.in/blog,0.025828123092651367,0.29161906242370605,0.3174471855163574,24
http://www.fampay.in/careers,0.027026653289794922,0.14773893356323242,0.17476558685302734,46
http://www.fampay.in/partner,0.02598285675048828,0.16141843795776367,0.18740129470825195,58
http://www.fampay.in/faqs,0.025534629821777344,0.1760847568511963,0.20161938667297363,35
http://www.fampay.in/blog/,0.03214383125305176,0.23868250846862793,0.2708263397216797,24
http://www.fampay.in/press,0.02504897117614746,0.11394214630126953,0.138991117477417,42
http://www.fampay.in/privacy,0.02557063102722168,0.11793899536132812,0.1435096263885498,31
http://www.fampay.in/terms,0.026344776153564453,0.11921119689941406,0.14555597305297852,31
http://www.fampay.in/contact,0.02601933479309082,0.11647152900695801,0.14249086380004883,34
https://famapp.in/blog/fampay-raises-4-7m-from-y-combinator-sequoia-venture-highway-others/,0.11890912055969238,0.09499979019165039,0.21390891075134277,25
https://wa.me/?text=FamPay%20raises%20%244.7M%20from%20Y%20Combinator%2C%20Sequoia%2C%20Venture%20Highway%20%26%20others%20https://fampay.in/blog/fampay-raises-4-7m-from-y-combinator-sequoia-venture-highway-others/,0.29761362075805664,0.6651332378387451,0.9627468585968018,28
https://www.facebook.com/sharer/sharer.php?u=https://fampay.in/blog/fampay-raises-4-7m-from-y-combinator-sequoia-venture-highway-others/,0.25733327865600586,0.8284039497375488,1.0857372283935547,33
https://twitter.com/intent/tweet?text=FamPay%20raises%20%244.7M%20from%20Y%20Combinator%2C%20Sequoia%2C%20Venture%20Highway%20%26%20others&url=https://fampay.in/blog/fampay-raises-4-7m-from-y-combinator-sequoia-venture-highway-others/,0.3099863529205322,0.6655306816101074,0.9755170345306396,33
https://famapp.in/blog/tag/parents/,0.1408374309539795,0.1292734146118164,0.2701108455657959,23
https://famapp.in/blog/healthy-wealth-how-can-parents-have-a-healthy-discussion-about-money-with-their-children/,0.10134339332580566,0.10857725143432617,0.20992064476013184,30
https://wa.me/?text=Healthy%20Wealth-%20How%20can%20parents%20have%20a%20healthy%20discussion%20about%20money%20with%20their%20children%3F%20https://fampay.in/blog/healthy-wealth-how-can-parents-have-a-healthy-discussion-about-money-with-their-children/,0.2744936943054199,0.6364898681640625,0.9109835624694824,28
https://www.facebook.com/sharer/sharer.php?u=https://fampay.in/blog/healthy-wealth-how-can-parents-have-a-healthy-discussion-about-money-with-their-children/,0.25696253776550293,0.7946035861968994,1.0515661239624023,33
https://twitter.com/intent/tweet?text=Healthy%20Wealth-%20How%20can%20parents%20have%20a%20healthy%20discussion%20about%20money%20with%20their%20children%3F&url=https://fampay.in/blog/healthy-wealth-how-can-parents-have-a-healthy-discussion-about-money-with-their-children/,0.3155391216278076,0.6377289295196533,0.9532680511474609,33
https://famapp.in/blog/being-a-digital-parent-tips-to-mentor-everything-digital-that-your-teen-uses/,0.14867496490478516,0.14623403549194336,0.2949090003967285,28
https://wa.me/?text=Being%20a%20Digital%20Parent%20-%20Tips%20to%20Mentor%20Everything%20Digital%20that%20your%20Teen%20Uses%20https://fampay.in/blog/being-a-digital-parent-tips-to-mentor-everything-digital-that-your-teen-uses/,0.2777848243713379,0.645845890045166,0.9236307144165039,28
https://www.facebook.com/sharer/sharer.php?u=https://fampay.in/blog/being-a-digital-parent-tips-to-mentor-everything-digital-that-your-teen-uses/,0.2593190670013428,0.7762796878814697,1.0355987548828125,33
https://twitter.com/intent/tweet?text=Being%20a%20Digital%20Parent%20-%20Tips%20to%20Mentor%20Everything%20Digital%20that%20your%20Teen%20Uses&url=https://fampay.in/blog/being-a-digital-parent-tips-to-mentor-everything-digital-that-your-teen-uses/,0.30153536796569824,0.6678731441497803,0.9694085121154785,33
https://famapp.in/blog/top-5-tips-to-communicate-better-with-your-teenager/,0.17088842391967773,0.1162722110748291,0.28716063499450684,29
https://wa.me/?text=Top%205%20Tips%20to%20Communicate%20Better%20with%20your%20Teenager%20https://fampay.in/blog/top-5-tips-to-communicate-better-with-your-teenager/,0.28309154510498047,0.7870941162109375,1.070185661315918,28
https://www.facebook.com/sharer/sharer.php?u=https://fampay.in/blog/top-5-tips-to-communicate-better-with-your-teenager/,0.25250911712646484,0.8413541316986084,1.0938632488250732,33
https://twitter.com/intent/tweet?text=Top%205%20Tips%20to%20Communicate%20Better%20with%20your%20Teenager&url=https://fampay.in/blog/top-5-tips-to-communicate-better-with-your-teenager/,0.2976040840148926,0.6560664176940918,0.9536705017089844,33
https://famapp.in/blog/a-to-z-of-teenage-finance-financial-terms-every-parent-should-teach-their-teens/,0.1886138916015625,0.12862515449523926,0.31723904609680176,25
https://wa.me/?text=A%20to%20Z%20of%20teenage%20finance-%20financial%20terms%20every%20parent%20should%20teach%20their%20teens%20https://fampay.in/blog/a-to-z-of-teenage-finance-financial-terms-every-parent-should-teach-their-teens/,0.2816774845123291,0.6420350074768066,0.9237124919891357,28
https://www.facebook.com/sharer/sharer.php?u=https://fampay.in/blog/a-to-z-of-teenage-finance-financial-terms-every-parent-should-teach-their-teens/,0.24505019187927246,0.781033992767334,1.0260841846466064,33
https://twitter.com/intent/tweet?text=A%20to%20Z%20of%20teenage%20finance-%20financial%20terms%20every%20parent%20should%20teach%20their%20teens&url=https://fampay.in/blog/a-to-z-of-teenage-finance-financial-terms-every-parent-should-teach-their-teens/,0.2962992191314697,0.6338403224945068,0.9301395416259766,33
https://famapp.in/blog/cyber-bullying-what-can-you-do-as-a-parent/,0.16183710098266602,0.11667633056640625,0.27851343154907227,25
https://wa.me/?text=Cyberbullying%3A%20What%20can%20you%20do%20as%20a%20Parent%3F%20https://fampay.in/blog/cyber-bullying-what-can-you-do-as-a-parent/,0.2627847194671631,1.134016752243042,1.396801471710205,28
https://www.facebook.com/sharer/sharer.php?u=https://fampay.in/blog/cyber-bullying-what-can-you-do-as-a-parent/,0.2589411735534668,0.7750282287597656,1.0339694023132324,33
https://twitter.com/intent/tweet?text=Cyberbullying%3A%20What%20can%20you%20do%20as%20a%20Parent%3F&url=https://fampay.in/blog/cyber-bullying-what-can-you-do-as-a-parent/,0.2920088768005371,0.6042935848236084,0.8963024616241455,33
https://famapp.in/blog/4-ways-to-help-your-teen-learn-to-become-financially-responsible/,0.43549251556396484,0.16106915473937988,0.5965616703033447,26
https://wa.me/?text=4%20Ways%20to%20Help%20Your%20Teen%20Learn%20to%20become%20Financially%20Responsible%20https://fampay.in/blog/4-ways-to-help-your-teen-learn-to-become-financially-responsible/,0.27340149879455566,0.6318719387054443,0.9052734375,28
https://www.facebook.com/sharer/sharer.php?u=https://fampay.in/blog/4-ways-to-help-your-teen-learn-to-become-financially-responsible/,0.2541677951812744,0.8013288974761963,1.0554966926574707,33
https://twitter.com/intent/tweet?text=4%20Ways%20to%20Help%20Your%20Teen%20Learn%20to%20become%20Financially%20Responsible&url=https://fampay.in/blog/4-ways-to-help-your-teen-learn-to-become-financially-responsible/,0.2996947765350342,0.6329948902130127,0.9326896667480469,33
https://famapp.in/blog/evolution-of-parenting-parent-of-a-millennial-vs-parent-of-a-genz-kid/,0.21240735054016113,0.29666972160339355,0.5090770721435547,25
https://wa.me/?text=Evolution%20of%20Parenting%20-%20Parent%20of%20a%20Millennial%20vs%20Parent%20of%20a%20GenZ%20kid%20https://fampay.in/blog/evolution-of-parenting-parent-of-a-millennial-vs-parent-of-a-genz-kid/,0.2800166606903076,0.6339466571807861,0.9139633178710938,28
https://www.facebook.com/sharer/sharer.php?u=https://fampay.in/blog/evolution-of-parenting-parent-of-a-millennial-vs-parent-of-a-genz-kid/,0.2665739059448242,0.7763361930847168,1.042910099029541,33
https://twitter.com/intent/tweet?text=Evolution%20of%20Parenting%20-%20Parent%20of%20a%20Millennial%20vs%20Parent%20of%20a%20GenZ%20kid&url=https://fampay.in/blog/evolution-of-parenting-parent-of-a-millennial-vs-parent-of-a-genz-kid/,0.3124825954437256,0.6467926502227783,0.9592752456665039,33
https://famapp.in/blog/pocket-money-for-teenagers-why-it-matters/,0.11055302619934082,0.16291165351867676,0.2734646797180176,25
https://wa.me/?text=Pocket%20Money%20for%20Teenagers%3A%20Why%20it%20Matters%20https://fampay.in/blog/pocket-money-for-teenagers-why-it-matters/,0.2793419361114502,0.6795229911804199,0.9588649272918701,28
https://www.facebook.com/sharer/sharer.php?u=https://fampay.in/blog/pocket-money-for-teenagers-why-it-matters/,0.26677465438842773,0.7863316535949707,1.0531063079833984,33
https://twitter.com/intent/tweet?text=Pocket%20Money%20for%20Teenagers%3A%20Why%20it%20Matters&url=https://fampay.in/blog/pocket-money-for-teenagers-why-it-matters/,0.2886676788330078,0.6318869590759277,0.9205546379089355,33
https://famapp.in/blog/things-you-must-know-as-a-teens-parent/,0.1611156463623047,0.14627528190612793,0.3073909282684326,25
https://wa.me/?text=Things%20You%20Must%20Know%20as%20a%20Parent%20of%20a%20GenZ%20Teen%20https://fampay.in/blog/things-you-must-know-as-a-teens-parent/,0.3090400695800781,0.6063137054443359,0.9153537750244141,28
https://www.facebook.com/sharer/sharer.php?u=https://fampay.in/blog/things-you-must-know-as-a-teens-parent/,0.260664701461792,0.7861127853393555,1.0467774868011475,33
https://twitter.com/intent/tweet?text=Things%20You%20Must%20Know%20as%20a%20Parent%20of%20a%20GenZ%20Teen&url=https://fampay.in/blog/things-you-must-know-as-a-teens-parent/,0.2985680103302002,0.6605494022369385,0.9591174125671387,33
https://famapp.in/blog/impact-of-social-distancing-on-teen-mental-health/,0.15985774993896484,0.16451215744018555,0.3243699073791504,25
https://wa.me/?text=Impact%20of%20Social%20Distancing%20on%20Teen%20Mental%20Health%20https://fampay.in/blog/impact-of-social-distancing-on-teen-mental-health/,0.2965128421783447,0.6143655776977539,0.9108784198760986,28
https://www.facebook.com/sharer/sharer.php?u=https://fampay.in/blog/impact-of-social-distancing-on-teen-mental-health/,0.25685977935791016,0.7994885444641113,1.0563483238220215,33
https://twitter.com/intent/tweet?text=Impact%20of%20Social%20Distancing%20on%20Teen%20Mental%20Health&url=https://fampay.in/blog/impact-of-social-distancing-on-teen-mental-health/,0.30329442024230957,0.640380859375,0.9436752796173096,33
https://famapp.in/blog/tag/parents/page/2/,0.1338515281677246,0.08321666717529297,0.21706819534301758,22
https://famapp.in/blog/bridging-generation-gap-understanding-your-genz-teenager-better/,0.1495826244354248,0.13849878311157227,0.28808140754699707,25
https://wa.me/?text=Bridging%20Generation%20Gap%3A%20Understanding%20Your%20GenZ%20Teenager%20Better%20https://fampay.in/blog/bridging-generation-gap-understanding-your-genz-teenager-better/,0.28397178649902344,0.6100244522094727,0.8939962387084961,28
https://www.facebook.com/sharer/sharer.php?u=https://fampay.in/blog/bridging-generation-gap-understanding-your-genz-teenager-better/,0.26013660430908203,0.8548853397369385,1.1150219440460205,33
https://twitter.com/intent/tweet?text=Bridging%20Generation%20Gap%3A%20Understanding%20Your%20GenZ%20Teenager%20Better&url=https://fampay.in/blog/bridging-generation-gap-understanding-your-genz-teenager-better/,0.3082404136657715,0.6038572788238525,0.912097692489624,33
https://famapp.in/blog/tag/pr-news/,0.17007970809936523,0.1754474639892578,0.34552717208862305,22
https://famapp.in/blog/fampay-amongst-linkedins-top-startups-list-2021/,0.16367530822753906,0.2373032569885254,0.40097856521606445,25
https://wa.me/?text=FamPay%20amongst%20LinkedIn%E2%80%99s%20Top%20Startups%20List%202021%20https://fampay.in/blog/fampay-amongst-linkedins-top-startups-list-2021/,0.2860991954803467,0.7570397853851318,1.0431389808654785,28
https://www.facebook.com/sharer/sharer.php?u=https://fampay.in/blog/fampay-amongst-linkedins-top-startups-list-2021/,0.27069902420043945,0.8007097244262695,1.071408748626709,33
https://twitter.com/intent/tweet?text=FamPay%20amongst%20LinkedIn%E2%80%99s%20Top%20Startups%20List%202021&url=https://fampay.in/blog/fampay-amongst-linkedins-top-startups-list-2021/,0.3040280342102051,0.6344716548919678,0.9384996891021729,33
https://famapp.in/blog/fampay-partners-with-visa-to-launch-indias-first-doodle-card-for-genz/,0.17707204818725586,0.16998910903930664,0.3470611572265625,27
https://wa.me/?text=FamPay%20partners%20with%20Visa%20to%20launch%20India%E2%80%99s%20first%20Doodle%20Card%20for%20GenZ%20https://fampay.in/blog/fampay-partners-with-visa-to-launch-indias-first-doodle-card-for-genz/,0.2935211658477783,0.7301087379455566,1.023629903793335,28
https://www.facebook.com/sharer/sharer.php?u=https://fampay.in/blog/fampay-partners-with-visa-to-launch-indias-first-doodle-card-for-genz/,0.25383543968200684,0.7957091331481934,1.0495445728302002,33
https://twitter.com/intent/tweet?text=FamPay%20partners%20with%20Visa%20to%20launch%20India%E2%80%99s%20first%20Doodle%20Card%20for%20GenZ&url=https://fampay.in/blog/fampay-partners-with-visa-to-launch-indias-first-doodle-card-for-genz/,0.3157215118408203,0.6620759963989258,0.9777975082397461,33
https://famapp.in/blog/tag/product/,0.22782325744628906,0.21575713157653809,0.44358038902282715,23
https://famapp.in/blog/perks-of-using-the-famcard-me/,0.10429835319519043,0.16585040092468262,0.27014875411987305,29
https://wa.me/?text=Perks%20of%20using%20the%20FamCard%20Me%20-%204X%20Rewards%2C%20Doodles%20and%20so%20much%20more!%20%F0%9F%92%96%20https://fampay.in/blog/perks-of-using-the-famcard-me/,0.28557467460632324,0.6580157279968262,0.9435904026031494,28
https://www.facebook.com/sharer/sharer.php?u=https://fampay.in/blog/perks-of-using-the-famcard-me/,0.25445556640625,0.7889549732208252,1.0434105396270752,33
https://twitter.com/intent/tweet?text=Perks%20of%20using%20the%20FamCard%20Me%20-%204X%20Rewards%2C%20Doodles%20and%20so%20much%20more!%20%F0%9F%92%96&url=https://fampay.in/blog/perks-of-using-the-famcard-me/,0.30486035346984863,0.6149144172668457,0.9197747707366943,33
https://famapp.in/blog/guide-for-seeking-support-from-fampay-important-dos-and-donts/,0.1633915901184082,0.276153564453125,0.4395451545715332,29
https://wa.me/?text=Guide%20for%20seeking%20support%20from%20FamPay%3A%20Important%20Dos%20%E2%9C%85%20and%20Don'ts%20%E2%9B%94%20https://fampay.in/blog/guide-for-seeking-support-from-fampay-important-dos-and-donts/,0.2812795639038086,0.6934247016906738,0.9747042655944824,28
https://www.facebook.com/sharer/sharer.php?u=https://fampay.in/blog/guide-for-seeking-support-from-fampay-important-dos-and-donts/,0.2579622268676758,0.7653062343597412,1.023268461227417,33
https://twitter.com/intent/tweet?text=Guide%20for%20seeking%20support%20from%20FamPay%3A%20Important%20Dos%20%E2%9C%85%20and%20Don'ts%20%E2%9B%94&url=https://fampay.in/blog/guide-for-seeking-support-from-fampay-important-dos-and-donts/,0.30979394912719727,0.6694679260253906,0.9792618751525879,33
https://famapp.in/blog/7-clever-saving-hacks-for-teenagers-this-will-save-you-a-fortune/,0.15406417846679688,0.14299845695495605,0.29706263542175293,40
https://wa.me/?text=9%20Clever%20Saving%20Hacks%20for%20Teenagers%20-%20This%20will%20save%20you%20a%20fortune!%20%F0%9F%92%B8%20https://fampay.in/blog/7-clever-saving-hacks-for-teenagers-this-will-save-you-a-fortune/,0.2844967842102051,0.6839547157287598,0.9684514999389648,28
https://www.facebook.com/sharer/sharer.php?u=https://fampay.in/blog/7-clever-saving-hacks-for-teenagers-this-will-save-you-a-fortune/,0.260303258895874,0.7958076000213623,1.0561108589172363,33
https://twitter.com/intent/tweet?text=9%20Clever%20Saving%20Hacks%20for%20Teenagers%20-%20This%20will%20save%20you%20a%20fortune!%20%F0%9F%92%B8&url=https://fampay.in/blog/7-clever-saving-hacks-for-teenagers-this-will-save-you-a-fortune/,0.37653493881225586,0.6069810390472412,0.9835159778594971,33
https://fampay.in/blog/baddie-on-a-budget-budgeting-tricks-for-teens/,0.028895854949951172,0.18577075004577637,0.21466660499572754,29
https://famapp.in/blog/what-makes-fampay-secure/,0.1737995147705078,0.17654943466186523,0.35034894943237305,29
https://wa.me/?text=What%20makes%20FamPay%20secure%3F%20%F0%9F%94%90%20https://fampay.in/blog/what-makes-fampay-secure/,0.2886674404144287,0.6734747886657715,0.9621422290802002,28
https://www.facebook.com/sharer/sharer.php?u=https://fampay.in/blog/what-makes-fampay-secure/,0.2599499225616455,0.7839901447296143,1.0439400672912598,33
https://twitter.com/intent/tweet?text=What%20makes%20FamPay%20secure%3F%20%F0%9F%94%90&url=https://fampay.in/blog/what-makes-fampay-secure/,0.3098764419555664,0.7529239654541016,1.062800407409668,33
https://famapp.in/blog/fampays-guide-to-digital-payments-for-teens-important-dos-and-donts/,0.13994646072387695,0.14147496223449707,0.281421422958374,26
https://wa.me/?text=FamPay%E2%80%99s%20guide%20to%20digital%20payments%20for%20teens%3A%20Important%20Dos%20%E2%9C%85%20and%20Don'ts%20%E2%9B%94%20https://fampay.in/blog/fampays-guide-to-digital-payments-for-teens-important-dos-and-donts/,0.2806429862976074,0.6251468658447266,0.905789852142334,28
https://www.facebook.com/sharer/sharer.php?u=https://fampay.in/blog/fampays-guide-to-digital-payments-for-teens-important-dos-and-donts/,0.260265588760376,0.7696497440338135,1.0299153327941895,33
https://twitter.com/intent/tweet?text=FamPay%E2%80%99s%20guide%20to%20digital%20payments%20for%20teens%3A%20Important%20Dos%20%E2%9C%85%20and%20Don'ts%20%E2%9B%94&url=https://fampay.in/blog/fampays-guide-to-digital-payments-for-teens-important-dos-and-donts/,0.3044140338897705,0.6359682083129883,0.9403822422027588,33
https://famapp.in/blog/how-to-order-a-famcard-in-less-than-5-minutes/,0.13490962982177734,0.15722274780273438,0.2921323776245117,33
https://wa.me/?text=How%20to%20order%20a%20FamCard%20in%20less%20than%205%20minutes%3F%20%F0%9F%92%B3%20https://fampay.in/blog/how-to-order-a-famcard-in-less-than-5-minutes/,0.27842164039611816,0.6712749004364014,0.9496965408325195,28
https://www.facebook.com/sharer/sharer.php?u=https://fampay.in/blog/how-to-order-a-famcard-in-less-than-5-minutes/,0.2550194263458252,0.883681058883667,1.1387004852294922,33
https://twitter.com/intent/tweet?text=How%20to%20order%20a%20FamCard%20in%20less%20than%205%20minutes%3F%20%F0%9F%92%B3&url=https://fampay.in/blog/how-to-order-a-famcard-in-less-than-5-minutes/,0.3030848503112793,0.6408729553222656,0.9439578056335449,33
https://fampay.in/blog/one-stop-solution-for-all-your-kyc-concerns/,0.028625011444091797,0.2236168384552002,0.252241849899292,28
https://wa.me/?text=One-stop%20solution%20for%20all%20your%20KYC%20concerns%20https://fampay.in/blog/one-stop-solution-for-all-your-kyc-concerns/,0.28501248359680176,0.6313040256500244,0.9163165092468262,28
https://www.facebook.com/sharer/sharer.php?u=https://fampay.in/blog/one-stop-solution-for-all-your-kyc-concerns/,0.34175610542297363,0.8117921352386475,1.153548240661621,33
https://twitter.com/intent/tweet?text=One-stop%20solution%20for%20all%20your%20KYC%20concerns&url=https://fampay.in/blog/one-stop-solution-for-all-your-kyc-concerns/,0.4006645679473877,1.4003100395202637,1.8009746074676514,33
https://fampay.in/blog/fampay-the-solution-to-your-cash-problems/,0.03641200065612793,0.22655034065246582,0.26296234130859375,32
https://famapp.in/blog/tag/product/page/2/,0.1761305332183838,0.17353010177612305,0.34966063499450684,22
https://famapp.in/blog/one-stop-solution-for-all-your-kyc-concerns/,0.1614971160888672,0.15219473838806152,0.3136918544769287,28
https://famapp.in/blog/everything-you-need-to-know-about-our-numberless-card/,0.15087199211120605,0.12024235725402832,0.2711143493652344,30
https://wa.me/?text=Everything%20you%20need%20to%20know%20about%20our%20Numberless%20Card!%20%F0%9F%92%B3%20https://fampay.in/blog/everything-you-need-to-know-about-our-numberless-card/,0.2792398929595947,0.8540253639221191,1.1332652568817139,28
https://www.facebook.com/sharer/sharer.php?u=https://fampay.in/blog/everything-you-need-to-know-about-our-numberless-card/,0.24849796295166016,0.8254315853118896,1.0739295482635498,33
https://twitter.com/intent/tweet?text=Everything%20you%20need%20to%20know%20about%20our%20Numberless%20Card!%20%F0%9F%92%B3&url=https://fampay.in/blog/everything-you-need-to-know-about-our-numberless-card/,0.29402947425842285,0.6385881900787354,0.9326176643371582,33
https://famapp.in/blog/famcard-your-first-prepaid-card/,0.16316556930541992,0.1480731964111328,0.31123876571655273,35
https://wa.me/?text=FamCard%20-%20your%20first%20prepaid%20card!%20%F0%9F%92%B3%F0%9F%A4%A9%F0%9F%A5%B3%20https://fampay.in/blog/famcard-your-first-prepaid-card/,0.2857930660247803,0.6676070690155029,0.9534001350402832,28
https://www.facebook.com/sharer/sharer.php?u=https://fampay.in/blog/famcard-your-first-prepaid-card/,0.267378568649292,0.8021161556243896,1.0694947242736816,33
https://twitter.com/intent/tweet?text=FamCard%20-%20your%20first%20prepaid%20card!%20%F0%9F%92%B3%F0%9F%A4%A9%F0%9F%A5%B3&url=https://fampay.in/blog/famcard-your-first-prepaid-card/,0.2904808521270752,0.6657817363739014,0.9562625885009766,33
https://famapp.in/blog/savings-for-teens-its-never-too-early-to-start/,0.17367172241210938,0.2697889804840088,0.44346070289611816,29
https://wa.me/?text=Savings%20for%20teens%20%F0%9F%92%B0%F0%9F%98%8E-%20Its%20never%20too%20early%20to%20start!%20https://fampay.in/blog/savings-for-teens-its-never-too-early-to-start/,0.2803676128387451,0.6708366870880127,0.9512042999267578,28
https://www.facebook.com/sharer/sharer.php?u=https://fampay.in/blog/savings-for-teens-its-never-too-early-to-start/,0.24776577949523926,0.8234109878540039,1.0711767673492432,33
https://twitter.com/intent/tweet?text=Savings%20for%20teens%20%F0%9F%92%B0%F0%9F%98%8E-%20Its%20never%20too%20early%20to%20start!&url=https://fampay.in/blog/savings-for-teens-its-never-too-early-to-start/,0.2925076484680176,0.6701507568359375,0.9626584053039551,33
https://famapp.in/blog/fampay-the-solution-to-your-cash-problems/,0.14734196662902832,0.17893147468566895,0.32627344131469727,32
https://wa.me/?text=FamPay-%20the%20solution%20to%20your%20cash%20problems!%20%F0%9F%98%8E%20https://fampay.in/blog/fampay-the-solution-to-your-cash-problems/,0.28092336654663086,0.6171197891235352,0.898043155670166,28
https://www.facebook.com/sharer/sharer.php?u=https://fampay.in/blog/fampay-the-solution-to-your-cash-problems/,0.2468428611755371,0.8028788566589355,1.0497217178344727,33
https://twitter.com/intent/tweet?text=FamPay-%20the%20solution%20to%20your%20cash%20problems!%20%F0%9F%98%8E&url=https://fampay.in/blog/fampay-the-solution-to-your-cash-problems/,0.3003098964691162,0.6646757125854492,0.9649856090545654,33
https://famapp.in/blog/tag/tech/,0.37827420234680176,0.4548778533935547,0.8331520557403564,22
https://famapp.in/blog/how-a-pressing-problem-can-lead-to-technological-innovation/,0.14839816093444824,0.13875102996826172,0.28714919090270996,29
https://wa.me/?text=How%20a%20Pressing%20Problem%20can%20lead%20to%20Technological%20Innovation%20https://fampay.in/blog/how-a-pressing-problem-can-lead-to-technological-innovation/,0.2919914722442627,0.9001331329345703,1.192124605178833,28
https://www.facebook.com/sharer/sharer.php?u=https://fampay.in/blog/how-a-pressing-problem-can-lead-to-technological-innovation/,0.25791454315185547,0.8013622760772705,1.059276819229126,33
https://twitter.com/intent/tweet?text=How%20a%20Pressing%20Problem%20can%20lead%20to%20Technological%20Innovation&url=https://fampay.in/blog/how-a-pressing-problem-can-lead-to-technological-innovation/,0.29612231254577637,0.6670887470245361,0.9632110595703125,33
http://friends.fampay.in/,0.4864468574523926,1.2906136512756348,1.7770605087280273,37
http://friends.fampay.in/about,0.44468212127685547,1.338798999786377,1.7834811210632324,37
http://friends.fampay.in/blog,0.4487113952636719,1.2692515850067139,1.7179629802703857,37
http://friends.fampay.in/careers,0.43805599212646484,1.2990033626556396,1.7370593547821045,37
http://friends.fampay.in/partner,0.43703722953796387,1.231053113937378,1.6680903434753418,37
http://friends.fampay.in/faqs,0.4600832462310791,1.2211430072784424,1.6812262535095215,37
http://friends.fampay.in/blog/,0.4667363166809082,1.278977394104004,1.745713710784912,37
http://friends.fampay.in/press,0.45699000358581543,1.4198405742645264,1.8768305778503418,37
http://friends.fampay.in/privacy,0.43809986114501953,1.2530381679534912,1.6911380290985107,37
http://friends.fampay.in/terms,0.43866872787475586,1.226402997970581,1.665071725845337,37
http://friends.fampay.in/contact,0.4552319049835205,1.2239058017730713,1.6791377067565918,37
https://famapp.in/blog/how-i-blurred-age-barriers-with-technology/,0.16837811470031738,0.35741472244262695,0.5257928371429443,28
https://wa.me/?text=How%20I%20Blurred%20Age%20Barriers%20with%20Technology%20https://fampay.in/blog/how-i-blurred-age-barriers-with-technology/,0.28687000274658203,0.6594526767730713,0.9463226795196533,28
https://www.facebook.com/sharer/sharer.php?u=https://fampay.in/blog/how-i-blurred-age-barriers-with-technology/,0.24598360061645508,0.8055353164672852,1.0515189170837402,33
https://twitter.com/intent/tweet?text=How%20I%20Blurred%20Age%20Barriers%20with%20Technology&url=https://fampay.in/blog/how-i-blurred-age-barriers-with-technology/,0.3161132335662842,0.6377661228179932,0.9538793563842773,33
https://famapp.in/blog/how-to-clean-up-your-android-apps-dependencies-the-ultimate-guide-2/,0.21373558044433594,0.19921183586120605,0.412947416305542,32
https://famapp.in/blog/discover-fampays-engagement-service-missions-3/,0.2005143165588379,0.18767380714416504,0.38818812370300293,29
https://famapp.in/blog/implementing-an-in-memory-queue/,0.14865446090698242,0.16958999633789062,0.31824445724487305,28
https://famapp.in/blog/covid-19-vaccination-as-a-teen-a-guide/,0.13055038452148438,0.1118476390838623,0.24239802360534668,28
https://famapp.in/blog/why-vaccination-a-guide-to-vaccination-for-teens-in-india/,0.1444871425628662,0.11153793334960938,0.2560250759124756,32
https://famapp.in/blog/study-habits-that-are-simple-and-highly-effective/,0.14726042747497559,0.10501503944396973,0.2522754669189453,32
https://famapp.in/blog/how-to-save-those-extra-bucks-while-shopping/,0.1549539566040039,0.10090446472167969,0.2558584213256836,25
https://famapp.in/blog/teen-fashion-trends-that-we-love/,0.11617660522460938,0.1022653579711914,0.21844196319580078,29
https://famapp.in/blog/how-to-build-your-resume-and-portfolio-right-from-school/,0.12206339836120605,0.11889266967773438,0.24095606803894043,29
https://famapp.in/blog/productivity-hacks-for-teens-this-will-change-your-life/,0.11143326759338379,0.10188913345336914,0.21332240104675293,30
https://famapp.in/blog/page/2/,0.13770198822021484,0.1310577392578125,0.26875972747802734,24
https://famapp.in/blog/page/3/,0.16408920288085938,0.15648841857910156,0.32057762145996094,24
https://famapp.in/blog/page/4/,0.13312125205993652,0.12979912757873535,0.2629203796386719,24
https://famapp.in/blog/page/5/,0.13476324081420898,0.1627945899963379,0.2975578308105469,24
https://famapp.in/careers,0.028553247451782227,0.0280911922454834,0.056644439697265625,46
https://famapp.in/partner,0.03081488609313965,0.028589963912963867,0.059404850006103516,58
https://famapp.in/faqs,0.0802011489868164,0.08839964866638184,0.16860079765319824,35
https://famapp.in/blog/,0.1402435302734375,0.13796091079711914,0.27820444107055664,24
https://famapp.in/press,0.025691509246826172,0.029716968536376953,0.055408477783203125,42
https://famapp.in/privacy,0.027533769607543945,0.03047633171081543,0.058010101318359375,31
https://famapp.in/terms,0.02705240249633789,0.034171342849731445,0.061223745346069336,31
https://famapp.in/contact,0.02653646469116211,0.02802133560180664,0.05455780029296875,34
https://www.instagram.com/fam.india/,0.690014123916626,0.9377756118774414,1.6277897357940674,167
https://www.linkedin.com/company/famindia/,0.2858164310455322,0.30129384994506836,0.5871102809906006,1
