Date,URL
2021-09-01,http://web.archive.org/web/20220425052104/https://play.google.com/store/apps/details?id=com.fampay.in&hl=en_IN&gl=US
2021-10-01,http://web.archive.org/web/20220425052104/https://play.google.com/store/apps/details?id=com.fampay.in&hl=en_IN&gl=US
2021-10-31,http://web.archive.org/web/20220425052104/https://play.google.com/store/apps/details?id=com.fampay.in&hl=en_IN&gl=US
2021-11-30,http://web.archive.org/web/20220425052104/https://play.google.com/store/apps/details?id=com.fampay.in&hl=en_IN&gl=US
2021-12-30,http://web.archive.org/web/20220425052104/https://play.google.com/store/apps/details?id=com.fampay.in&hl=en_IN&gl=US
2022-01-29,http://web.archive.org/web/20220425052104/https://play.google.com/store/apps/details?id=com.fampay.in&hl=en_IN&gl=US
2022-02-28,http://web.archive.org/web/20220425052104/https://play.google.com/store/apps/details?id=com.fampay.in&hl=en_IN&gl=US
2022-03-30,http://web.archive.org/web/20220425052104/https://play.google.com/store/apps/details?id=com.fampay.in&hl=en_IN&gl=US
2022-04-29,http://web.archive.org/web/20220425052104/https://play.google.com/store/apps/details?id=com.fampay.in&hl=en_IN&gl=US
2022-05-29,http://web.archive.org/web/20220425052104/https://play.google.com/store/apps/details?id=com.fampay.in&hl=en_IN&gl=US
2022-06-28,http://web.archive.org/web/20220425052104/https://play.google.com/store/apps/details?id=com.fampay.in&hl=en_IN&gl=US
2022-07-28,http://web.archive.org/web/20220425052104/https://play.google.com/store/apps/details?id=com.fampay.in&hl=en_IN&gl=US
2022-08-27,http://web.archive.org/web/20220425052104/https://play.google.com/store/apps/details?id=com.fampay.in&hl=en_IN&gl=US
2022-09-26,http://web.archive.org/web/20220425052104/https://play.google.com/store/apps/details?id=com.fampay.in&hl=en_IN&gl=US
2022-10-26,http://web.archive.org/web/20220425052104/https://play.google.com/store/apps/details?id=com.fampay.in&hl=en_IN&gl=US
2022-11-25,http://web.archive.org/web/20220425052104/https://play.google.com/store/apps/details?id=com.fampay.in&hl=en_IN&gl=US
2022-12-25,http://web.archive.org/web/20220425052104/https://play.google.com/store/apps/details?id=com.fampay.in&hl=en_IN&gl=US
2023-01-24,http://web.archive.org/web/20220425052104/https://play.google.com/store/apps/details?id=com.fampay.in&hl=en_IN&gl=US
2023-02-23,http://web.archive.org/web/20220425052104/https://play.google.com/store/apps/details?id=com.fampay.in&hl=en_IN&gl=US
2023-03-25,http://web.archive.org/web/20220425052104/https://play.google.com/store/apps/details?id=com.fampay.in&hl=en_IN&gl=US
