From,To
https://fampay.in/,https://famcard.me/
https://fampay.in/,https://fampay.in/
https://fampay.in/,https://fampay.in/about
https://fampay.in/,https://fampay.in/parent
https://fampay.in/,https://fampay.in/blog
https://fampay.in/blog,https://fampay.in/blog/tag/teens/
https://fampay.in/blog/tag/teens/,https://fampay.in/blog/decor-ideas-that-would-transform-your-room-at-home-or-hostel/
https://fampay.in/blog/decor-ideas-that-would-transform-your-room-at-home-or-hostel/,https://wa.me/?text=D%C3%A9cor%20ideas%20that%20would%20transform%20your%20room%20at%20home%20or%20hostel%F0%9F%8E%A8%20https://fampay.in/blog/decor-ideas-that-would-transform-your-room-at-home-or-hostel/
https://fampay.in/blog/decor-ideas-that-would-transform-your-room-at-home-or-hostel/,https://www.facebook.com/sharer/sharer.php?u=https://fampay.in/blog/decor-ideas-that-would-transform-your-room-at-home-or-hostel/
https://fampay.in/blog/decor-ideas-that-would-transform-your-room-at-home-or-hostel/,https://twitter.com/intent/tweet?text=D%C3%A9cor%20ideas%20that%20would%20transform%20your%20room%20at%20home%20or%20hostel%F0%9F%8E%A8&url=https://fampay.in/blog/decor-ideas-that-would-transform-your-room-at-home-or-hostel/
https://fampay.in/blog/decor-ideas-that-would-transform-your-room-at-home-or-hostel/,https://facebook.com/fampay.in/
https://fampay.in/blog/tag/teens/,https://fampay.in/blog/social-commerce-making-money-just-through-social-media/
https://fampay.in/blog/social-commerce-making-money-just-through-social-media/,https://wa.me/?text=Social%20Commerce%20-%20Making%20Money%20just%20through%20Social%20Media!%20%F0%9F%92%B8%20https://fampay.in/blog/social-commerce-making-money-just-through-social-media/
https://fampay.in/blog/social-commerce-making-money-just-through-social-media/,https://www.facebook.com/sharer/sharer.php?u=https://fampay.in/blog/social-commerce-making-money-just-through-social-media/
https://fampay.in/blog/social-commerce-making-money-just-through-social-media/,https://twitter.com/intent/tweet?text=Social%20Commerce%20-%20Making%20Money%20just%20through%20Social%20Media!%20%F0%9F%92%B8&url=https://fampay.in/blog/social-commerce-making-money-just-through-social-media/
https://fampay.in/blog/social-commerce-making-money-just-through-social-media/,https://fampay.in/blog/life-of-an-intern-is-love/
https://fampay.in/blog/life-of-an-intern-is-love/,https://wa.me/?text=Life%20of%20an%20Intern%20is%20Love%20%F0%9F%98%8D%20https://fampay.in/blog/life-of-an-intern-is-love/
https://fampay.in/blog/life-of-an-intern-is-love/,https://www.facebook.com/sharer/sharer.php?u=https://fampay.in/blog/life-of-an-intern-is-love/
https://fampay.in/blog/life-of-an-intern-is-love/,https://twitter.com/intent/tweet?text=Life%20of%20an%20Intern%20is%20Love%20%F0%9F%98%8D&url=https://fampay.in/blog/life-of-an-intern-is-love/
https://fampay.in/blog/social-commerce-making-money-just-through-social-media/,https://fampay.in/blog/author/ayushi/
https://fampay.in/blog/tag/teens/,https://fampay.in/blog/perks-of-using-the-famcard-me/
https://fampay.in/blog/perks-of-using-the-famcard-me/,https://wa.me/?text=Perks%20of%20using%20the%20FamCard%20Me%20-%204X%20Rewards%2C%20Doodles%20and%20so%20much%20more!%20%F0%9F%92%96%20https://fampay.in/blog/perks-of-using-the-famcard-me/
https://fampay.in/blog/perks-of-using-the-famcard-me/,https://www.facebook.com/sharer/sharer.php?u=https://fampay.in/blog/perks-of-using-the-famcard-me/
https://fampay.in/blog/perks-of-using-the-famcard-me/,https://twitter.com/intent/tweet?text=Perks%20of%20using%20the%20FamCard%20Me%20-%204X%20Rewards%2C%20Doodles%20and%20so%20much%20more!%20%F0%9F%92%96&url=https://fampay.in/blog/perks-of-using-the-famcard-me/
https://fampay.in/blog/tag/teens/,https://fampay.in/blog/13-boredom-busters-for-teens/
https://fampay.in/blog/13-boredom-busters-for-teens/,https://wa.me/?text=13%20Things%20to%20do%20when%20you're%20bored%20-%20Boredom%20busters%20for%20teens%20%F0%9F%A4%B3%20https://fampay.in/blog/13-boredom-busters-for-teens/
https://fampay.in/blog/13-boredom-busters-for-teens/,https://www.facebook.com/sharer/sharer.php?u=https://fampay.in/blog/13-boredom-busters-for-teens/
https://fampay.in/blog/13-boredom-busters-for-teens/,https://twitter.com/intent/tweet?text=13%20Things%20to%20do%20when%20you're%20bored%20-%20Boredom%20busters%20for%20teens%20%F0%9F%A4%B3&url=https://fampay.in/blog/13-boredom-busters-for-teens/
https://fampay.in/blog/13-boredom-busters-for-teens/,https://fampay.in/blog/club-teens-one-stop-online-community/
https://fampay.in/blog/club-teens-one-stop-online-community/,https://wa.me/?text=Club%3A%20FamPay's%20in-app%20exclusive%20community!%20%F0%9F%A4%A9%20https://fampay.in/blog/club-teens-one-stop-online-community/
https://fampay.in/blog/club-teens-one-stop-online-community/,https://www.facebook.com/sharer/sharer.php?u=https://fampay.in/blog/club-teens-one-stop-online-community/
https://fampay.in/blog/club-teens-one-stop-online-community/,https://twitter.com/intent/tweet?text=Club%3A%20FamPay's%20in-app%20exclusive%20community!%20%F0%9F%A4%A9&url=https://fampay.in/blog/club-teens-one-stop-online-community/
https://fampay.in/blog/club-teens-one-stop-online-community/,https://fampay.in/blog/author/kaavyya/
https://fampay.in/blog/tag/teens/,https://fampay.in/blog/how-can-teens-open-shops-on-instagram/
https://fampay.in/blog/how-can-teens-open-shops-on-instagram/,https://wa.me/?text=It's%20time%20for%20teens%20to%20open%20shop%20on%20Instagram!%20%F0%9F%9B%8D%EF%B8%8F%20https://fampay.in/blog/how-can-teens-open-shops-on-instagram/
https://fampay.in/blog/how-can-teens-open-shops-on-instagram/,https://www.facebook.com/sharer/sharer.php?u=https://fampay.in/blog/how-can-teens-open-shops-on-instagram/
https://fampay.in/blog/how-can-teens-open-shops-on-instagram/,https://twitter.com/intent/tweet?text=It's%20time%20for%20teens%20to%20open%20shop%20on%20Instagram!%20%F0%9F%9B%8D%EF%B8%8F&url=https://fampay.in/blog/how-can-teens-open-shops-on-instagram/
https://fampay.in/blog/how-can-teens-open-shops-on-instagram/,https://fampay.in/blog/when-building-for-genzs-build-it-on-discord/
https://fampay.in/blog/when-building-for-genzs-build-it-on-discord/,https://wa.me/?text=When%20building%20for%20GenZs%2C%20build%20it%20on%20Discord%20%F0%9F%91%BE%20https://fampay.in/blog/when-building-for-genzs-build-it-on-discord/
https://fampay.in/blog/when-building-for-genzs-build-it-on-discord/,https://www.facebook.com/sharer/sharer.php?u=https://fampay.in/blog/when-building-for-genzs-build-it-on-discord/
https://fampay.in/blog/when-building-for-genzs-build-it-on-discord/,https://twitter.com/intent/tweet?text=When%20building%20for%20GenZs%2C%20build%20it%20on%20Discord%20%F0%9F%91%BE&url=https://fampay.in/blog/when-building-for-genzs-build-it-on-discord/
https://fampay.in/blog/when-building-for-genzs-build-it-on-discord/,https://fampay.in/blog/author/aditi/
https://fampay.in/blog/tag/teens/,https://fampay.in/blog/author/arohi/
https://fampay.in/blog/tag/teens/,https://fampay.in/blog/tag/teens/page/2/
https://fampay.in/blog/tag/teens/page/2/,https://fampay.in/blog/3-financial-lessons-from-nature-itself/
https://fampay.in/blog/3-financial-lessons-from-nature-itself/,https://wa.me/?text=3%20Financial%20Lessons%20from%20Nature%3A%20An%20Earth%20Day%20special%20%F0%9F%8C%8D%20https://fampay.in/blog/3-financial-lessons-from-nature-itself/
https://fampay.in/blog/3-financial-lessons-from-nature-itself/,https://www.facebook.com/sharer/sharer.php?u=https://fampay.in/blog/3-financial-lessons-from-nature-itself/
https://fampay.in/blog/3-financial-lessons-from-nature-itself/,https://twitter.com/intent/tweet?text=3%20Financial%20Lessons%20from%20Nature%3A%20An%20Earth%20Day%20special%20%F0%9F%8C%8D&url=https://fampay.in/blog/3-financial-lessons-from-nature-itself/
https://fampay.in/blog/3-financial-lessons-from-nature-itself/,https://fampay.in/blog/every-little-thing-counts-ways-in-which-you-can-contribute-to-society-as-a-teenager/
https://fampay.in/blog/tag/teens/page/2/,https://fampay.in/blog/author/garvita/
https://fampay.in/blog/author/garvita/,https://fampay.in/blog/a-practical-guide-to-app-store-optimization/
https://fampay.in/blog/tag/teens/page/2/,https://fampay.in/blog/guide-for-seeking-support-from-fampay-important-dos-and-donts/
https://fampay.in/blog/guide-for-seeking-support-from-fampay-important-dos-and-donts/,https://wa.me/?text=Guide%20for%20seeking%20support%20from%20FamPay%3A%20Important%20Dos%20%E2%9C%85%20and%20Don'ts%20%E2%9B%94%20https://fampay.in/blog/guide-for-seeking-support-from-fampay-important-dos-and-donts/
https://fampay.in/blog/guide-for-seeking-support-from-fampay-important-dos-and-donts/,https://www.facebook.com/sharer/sharer.php?u=https://fampay.in/blog/guide-for-seeking-support-from-fampay-important-dos-and-donts/
https://fampay.in/blog/guide-for-seeking-support-from-fampay-important-dos-and-donts/,https://twitter.com/intent/tweet?text=Guide%20for%20seeking%20support%20from%20FamPay%3A%20Important%20Dos%20%E2%9C%85%20and%20Don'ts%20%E2%9B%94&url=https://fampay.in/blog/guide-for-seeking-support-from-fampay-important-dos-and-donts/
https://fampay.in/blog/tag/teens/page/2/,https://fampay.in/blog/7-clever-saving-hacks-for-teenagers-this-will-save-you-a-fortune/
https://fampay.in/blog/7-clever-saving-hacks-for-teenagers-this-will-save-you-a-fortune/,https://wa.me/?text=9%20Clever%20Saving%20Hacks%20for%20Teenagers%20-%20This%20will%20save%20you%20a%20fortune!%20%F0%9F%92%B8%20https://fampay.in/blog/7-clever-saving-hacks-for-teenagers-this-will-save-you-a-fortune/
https://fampay.in/blog/7-clever-saving-hacks-for-teenagers-this-will-save-you-a-fortune/,https://www.facebook.com/sharer/sharer.php?u=https://fampay.in/blog/7-clever-saving-hacks-for-teenagers-this-will-save-you-a-fortune/
https://fampay.in/blog/7-clever-saving-hacks-for-teenagers-this-will-save-you-a-fortune/,https://twitter.com/intent/tweet?text=9%20Clever%20Saving%20Hacks%20for%20Teenagers%20-%20This%20will%20save%20you%20a%20fortune!%20%F0%9F%92%B8&url=https://fampay.in/blog/7-clever-saving-hacks-for-teenagers-this-will-save-you-a-fortune/
https://fampay.in/blog/7-clever-saving-hacks-for-teenagers-this-will-save-you-a-fortune/,https://fampay.in/blog/baddie-on-a-budget-budgeting-tricks-for-teens/
https://fampay.in/blog/tag/teens/page/2/,https://fampay.in/blog/what-are-the-perks-of-using-fampay/
https://fampay.in/blog/what-are-the-perks-of-using-fampay/,https://wa.me/?text=What%20are%20the%20perks%20of%20using%20FamPay%3F%20%F0%9F%98%8D%20https://fampay.in/blog/what-are-the-perks-of-using-fampay/
https://fampay.in/blog/what-are-the-perks-of-using-fampay/,https://www.facebook.com/sharer/sharer.php?u=https://fampay.in/blog/what-are-the-perks-of-using-fampay/
https://fampay.in/blog/what-are-the-perks-of-using-fampay/,https://twitter.com/intent/tweet?text=What%20are%20the%20perks%20of%20using%20FamPay%3F%20%F0%9F%98%8D&url=https://fampay.in/blog/what-are-the-perks-of-using-fampay/
https://fampay.in/blog/what-are-the-perks-of-using-fampay/,https://fampay.in/blog/savings-for-teens-its-never-too-early-to-start/
https://fampay.in/blog/what-are-the-perks-of-using-fampay/,https://fampay.in/blog/building-indias-first-genz-teen-exclusive-community/
https://fampay.in/blog/tag/teens/page/2/,https://fampay.in/blog/author/ritwick/
https://fampay.in/blog/tag/teens/page/2/,https://fampay.in/blog/curious-about-famcard-heres-everything-to-know/
https://fampay.in/blog/curious-about-famcard-heres-everything-to-know/,https://wa.me/?text=Curious%20about%20FamCard%3F%F0%9F%92%B3%20Here%E2%80%99s%20everything%20to%20know%3A%20FAQs%20by%20teens%20on%20FamCard%20https://fampay.in/blog/curious-about-famcard-heres-everything-to-know/
https://fampay.in/blog/curious-about-famcard-heres-everything-to-know/,https://www.facebook.com/sharer/sharer.php?u=https://fampay.in/blog/curious-about-famcard-heres-everything-to-know/
https://fampay.in/blog/curious-about-famcard-heres-everything-to-know/,https://twitter.com/intent/tweet?text=Curious%20about%20FamCard%3F%F0%9F%92%B3%20Here%E2%80%99s%20everything%20to%20know%3A%20FAQs%20by%20teens%20on%20FamCard&url=https://fampay.in/blog/curious-about-famcard-heres-everything-to-know/
https://fampay.in/blog/curious-about-famcard-heres-everything-to-know/,https://fampay.in/blog/famcard-your-first-debit-card/
https://fampay.in/blog/curious-about-famcard-heres-everything-to-know/,https://fampay.in/blog/everything-you-need-to-know-about-our-numberless-card/
https://fampay.in/blog/tag/teens/page/2/,https://fampay.in/blog/author/shifa/
https://fampay.in/blog/tag/teens/page/2/,https://fampay.in/blog/what-makes-fampay-secure/
https://fampay.in/blog/what-makes-fampay-secure/,https://wa.me/?text=What%20makes%20FamPay%20secure%3F%20%F0%9F%94%90%20https://fampay.in/blog/what-makes-fampay-secure/
https://fampay.in/blog/what-makes-fampay-secure/,https://www.facebook.com/sharer/sharer.php?u=https://fampay.in/blog/what-makes-fampay-secure/
https://fampay.in/blog/what-makes-fampay-secure/,https://twitter.com/intent/tweet?text=What%20makes%20FamPay%20secure%3F%20%F0%9F%94%90&url=https://fampay.in/blog/what-makes-fampay-secure/
https://fampay.in/blog/what-makes-fampay-secure/,https://fampay.in/blog/fampay-raises-4-7m-from-y-combinator-sequoia-venture-highway-others/
https://fampay.in/blog/tag/teens/page/2/,https://fampay.in/blog/fampays-guide-to-digital-payments-for-teens-important-dos-and-donts/
https://fampay.in/blog/fampays-guide-to-digital-payments-for-teens-important-dos-and-donts/,https://wa.me/?text=FamPay%E2%80%99s%20guide%20to%20digital%20payments%20for%20teens%3A%20Important%20Dos%20%E2%9C%85%20and%20Don'ts%20%E2%9B%94%20https://fampay.in/blog/fampays-guide-to-digital-payments-for-teens-important-dos-and-donts/
https://fampay.in/blog/fampays-guide-to-digital-payments-for-teens-important-dos-and-donts/,https://www.facebook.com/sharer/sharer.php?u=https://fampay.in/blog/fampays-guide-to-digital-payments-for-teens-important-dos-and-donts/
https://fampay.in/blog/fampays-guide-to-digital-payments-for-teens-important-dos-and-donts/,https://twitter.com/intent/tweet?text=FamPay%E2%80%99s%20guide%20to%20digital%20payments%20for%20teens%3A%20Important%20Dos%20%E2%9C%85%20and%20Don'ts%20%E2%9B%94&url=https://fampay.in/blog/fampays-guide-to-digital-payments-for-teens-important-dos-and-donts/
https://fampay.in/blog/tag/teens/page/2/,https://fampay.in/blog/why-do-online-payments-get-stuck-and-what-can-you-do/
https://fampay.in/blog/why-do-online-payments-get-stuck-and-what-can-you-do/,https://wa.me/?text=Why%20do%20online%20payments%20get%20stuck%20and%20what%20can%20you%20do%3F%20%F0%9F%A4%94%20https://fampay.in/blog/why-do-online-payments-get-stuck-and-what-can-you-do/
https://fampay.in/blog/why-do-online-payments-get-stuck-and-what-can-you-do/,https://www.facebook.com/sharer/sharer.php?u=https://fampay.in/blog/why-do-online-payments-get-stuck-and-what-can-you-do/
https://fampay.in/blog/why-do-online-payments-get-stuck-and-what-can-you-do/,https://twitter.com/intent/tweet?text=Why%20do%20online%20payments%20get%20stuck%20and%20what%20can%20you%20do%3F%20%F0%9F%A4%94&url=https://fampay.in/blog/why-do-online-payments-get-stuck-and-what-can-you-do/
https://fampay.in/blog/tag/teens/page/2/,https://fampay.in/blog/author/tiara/
https://fampay.in/blog/tag/teens/page/2/,https://fampay.in/blog/tag/teens/page/3/
https://fampay.in/blog/tag/teens/page/3/,https://fampay.in/blog/5-habits-of-highly-successful-teens/
https://fampay.in/blog/tag/teens/page/3/,https://fampay.in/blog/mental-health-matters-5-things-to-remember-while-in-quarantine/
https://fampay.in/blog/tag/teens/page/3/,https://fampay.in/blog/top-5-platforms-for-students-to-learn-new-things/
https://fampay.in/blog/tag/teens/page/3/,https://fampay.in/blog/from-teenage-to-teen-entrepreneurs-make-your-story-inspiring/
https://fampay.in/blog/tag/teens/page/3/,https://fampay.in/blog/top-4-head-turning-fashion-tips-and-trends-for-the-sassy-gen-z/
https://fampay.in/blog/tag/teens/page/3/,https://fampay.in/blog/gen-z-gaming-how-to-make-real-money-by-playing-video-games/
https://fampay.in/blog/tag/teens/page/3/,https://fampay.in/blog/how-to-order-a-famcard-in-less-than-5-minutes/
https://fampay.in/blog/tag/teens/page/3/,https://fampay.in/blog/teen-bucket-list-10-things-you-must-to-do-in-your-teens/
https://fampay.in/blog/tag/teens/page/3/,https://fampay.in/blog/tag/teens/page/4/
https://fampay.in/blog,https://fampay.in/blog/tag/parents/
https://fampay.in/blog/tag/parents/,https://fampay.in/blog/healthy-wealth-how-can-parents-have-a-healthy-discussion-about-money-with-their-children/
https://fampay.in/blog/healthy-wealth-how-can-parents-have-a-healthy-discussion-about-money-with-their-children/,https://wa.me/?text=Healthy%20Wealth-%20How%20can%20parents%20have%20a%20healthy%20discussion%20about%20money%20with%20their%20children%3F%20https://fampay.in/blog/healthy-wealth-how-can-parents-have-a-healthy-discussion-about-money-with-their-children/
https://fampay.in/blog/healthy-wealth-how-can-parents-have-a-healthy-discussion-about-money-with-their-children/,https://www.facebook.com/sharer/sharer.php?u=https://fampay.in/blog/healthy-wealth-how-can-parents-have-a-healthy-discussion-about-money-with-their-children/
https://fampay.in/blog/healthy-wealth-how-can-parents-have-a-healthy-discussion-about-money-with-their-children/,https://twitter.com/intent/tweet?text=Healthy%20Wealth-%20How%20can%20parents%20have%20a%20healthy%20discussion%20about%20money%20with%20their%20children%3F&url=https://fampay.in/blog/healthy-wealth-how-can-parents-have-a-healthy-discussion-about-money-with-their-children/
https://fampay.in/blog/tag/parents/,https://fampay.in/blog/being-a-digital-parent-tips-to-mentor-everything-digital-that-your-teen-uses/
https://fampay.in/blog/being-a-digital-parent-tips-to-mentor-everything-digital-that-your-teen-uses/,https://wa.me/?text=Being%20a%20Digital%20Parent%20-%20Tips%20to%20Mentor%20Everything%20Digital%20that%20your%20Teen%20Uses%20https://fampay.in/blog/being-a-digital-parent-tips-to-mentor-everything-digital-that-your-teen-uses/
https://fampay.in/blog/being-a-digital-parent-tips-to-mentor-everything-digital-that-your-teen-uses/,https://www.facebook.com/sharer/sharer.php?u=https://fampay.in/blog/being-a-digital-parent-tips-to-mentor-everything-digital-that-your-teen-uses/
https://fampay.in/blog/being-a-digital-parent-tips-to-mentor-everything-digital-that-your-teen-uses/,https://twitter.com/intent/tweet?text=Being%20a%20Digital%20Parent%20-%20Tips%20to%20Mentor%20Everything%20Digital%20that%20your%20Teen%20Uses&url=https://fampay.in/blog/being-a-digital-parent-tips-to-mentor-everything-digital-that-your-teen-uses/
https://fampay.in/blog/tag/parents/,https://fampay.in/blog/top-5-tips-to-communicate-better-with-your-teenager/
https://fampay.in/blog/top-5-tips-to-communicate-better-with-your-teenager/,https://wa.me/?text=Top%205%20Tips%20to%20Communicate%20Better%20with%20your%20Teenager%20https://fampay.in/blog/top-5-tips-to-communicate-better-with-your-teenager/
https://fampay.in/blog/top-5-tips-to-communicate-better-with-your-teenager/,https://www.facebook.com/sharer/sharer.php?u=https://fampay.in/blog/top-5-tips-to-communicate-better-with-your-teenager/
https://fampay.in/blog/top-5-tips-to-communicate-better-with-your-teenager/,https://twitter.com/intent/tweet?text=Top%205%20Tips%20to%20Communicate%20Better%20with%20your%20Teenager&url=https://fampay.in/blog/top-5-tips-to-communicate-better-with-your-teenager/
https://fampay.in/blog/tag/parents/,https://fampay.in/blog/a-to-z-of-teenage-finance-financial-terms-every-parent-should-teach-their-teens/
https://fampay.in/blog/a-to-z-of-teenage-finance-financial-terms-every-parent-should-teach-their-teens/,https://wa.me/?text=A%20to%20Z%20of%20teenage%20finance-%20financial%20terms%20every%20parent%20should%20teach%20their%20teens%20https://fampay.in/blog/a-to-z-of-teenage-finance-financial-terms-every-parent-should-teach-their-teens/
https://fampay.in/blog/a-to-z-of-teenage-finance-financial-terms-every-parent-should-teach-their-teens/,https://www.facebook.com/sharer/sharer.php?u=https://fampay.in/blog/a-to-z-of-teenage-finance-financial-terms-every-parent-should-teach-their-teens/
https://fampay.in/blog/a-to-z-of-teenage-finance-financial-terms-every-parent-should-teach-their-teens/,https://twitter.com/intent/tweet?text=A%20to%20Z%20of%20teenage%20finance-%20financial%20terms%20every%20parent%20should%20teach%20their%20teens&url=https://fampay.in/blog/a-to-z-of-teenage-finance-financial-terms-every-parent-should-teach-their-teens/
https://fampay.in/blog/tag/parents/,https://fampay.in/blog/cyber-bullying-what-can-you-do-as-a-parent/
https://fampay.in/blog/cyber-bullying-what-can-you-do-as-a-parent/,https://wa.me/?text=Cyberbullying%3A%20What%20can%20you%20do%20as%20a%20Parent%3F%20https://fampay.in/blog/cyber-bullying-what-can-you-do-as-a-parent/
https://fampay.in/blog/cyber-bullying-what-can-you-do-as-a-parent/,https://www.facebook.com/sharer/sharer.php?u=https://fampay.in/blog/cyber-bullying-what-can-you-do-as-a-parent/
https://fampay.in/blog/cyber-bullying-what-can-you-do-as-a-parent/,https://twitter.com/intent/tweet?text=Cyberbullying%3A%20What%20can%20you%20do%20as%20a%20Parent%3F&url=https://fampay.in/blog/cyber-bullying-what-can-you-do-as-a-parent/
https://fampay.in/blog/tag/parents/,https://fampay.in/blog/4-ways-to-help-your-teen-learn-to-become-financially-responsible/
https://fampay.in/blog/4-ways-to-help-your-teen-learn-to-become-financially-responsible/,https://wa.me/?text=4%20Ways%20to%20Help%20Your%20Teen%20Learn%20to%20become%20Financially%20Responsible%20https://fampay.in/blog/4-ways-to-help-your-teen-learn-to-become-financially-responsible/
https://fampay.in/blog/4-ways-to-help-your-teen-learn-to-become-financially-responsible/,https://www.facebook.com/sharer/sharer.php?u=https://fampay.in/blog/4-ways-to-help-your-teen-learn-to-become-financially-responsible/
https://fampay.in/blog/4-ways-to-help-your-teen-learn-to-become-financially-responsible/,https://twitter.com/intent/tweet?text=4%20Ways%20to%20Help%20Your%20Teen%20Learn%20to%20become%20Financially%20Responsible&url=https://fampay.in/blog/4-ways-to-help-your-teen-learn-to-become-financially-responsible/
https://fampay.in/blog/tag/parents/,https://fampay.in/blog/evolution-of-parenting-parent-of-a-millennial-vs-parent-of-a-genz-kid/
https://fampay.in/blog/evolution-of-parenting-parent-of-a-millennial-vs-parent-of-a-genz-kid/,https://wa.me/?text=Evolution%20of%20Parenting%20-%20Parent%20of%20a%20Millennial%20vs%20Parent%20of%20a%20GenZ%20kid%20https://fampay.in/blog/evolution-of-parenting-parent-of-a-millennial-vs-parent-of-a-genz-kid/
https://fampay.in/blog/evolution-of-parenting-parent-of-a-millennial-vs-parent-of-a-genz-kid/,https://www.facebook.com/sharer/sharer.php?u=https://fampay.in/blog/evolution-of-parenting-parent-of-a-millennial-vs-parent-of-a-genz-kid/
https://fampay.in/blog/evolution-of-parenting-parent-of-a-millennial-vs-parent-of-a-genz-kid/,https://twitter.com/intent/tweet?text=Evolution%20of%20Parenting%20-%20Parent%20of%20a%20Millennial%20vs%20Parent%20of%20a%20GenZ%20kid&url=https://fampay.in/blog/evolution-of-parenting-parent-of-a-millennial-vs-parent-of-a-genz-kid/
https://fampay.in/blog/tag/parents/,https://fampay.in/blog/pocket-money-for-teenagers-why-it-matters/
https://fampay.in/blog/pocket-money-for-teenagers-why-it-matters/,https://wa.me/?text=Pocket%20Money%20for%20Teenagers%3A%20Why%20it%20Matters%20https://fampay.in/blog/pocket-money-for-teenagers-why-it-matters/
https://fampay.in/blog/pocket-money-for-teenagers-why-it-matters/,https://www.facebook.com/sharer/sharer.php?u=https://fampay.in/blog/pocket-money-for-teenagers-why-it-matters/
https://fampay.in/blog/pocket-money-for-teenagers-why-it-matters/,https://twitter.com/intent/tweet?text=Pocket%20Money%20for%20Teenagers%3A%20Why%20it%20Matters&url=https://fampay.in/blog/pocket-money-for-teenagers-why-it-matters/
https://fampay.in/blog/tag/parents/,https://fampay.in/blog/things-you-must-know-as-a-teens-parent/
https://fampay.in/blog/things-you-must-know-as-a-teens-parent/,https://wa.me/?text=Things%20You%20Must%20Know%20as%20a%20Parent%20of%20a%20GenZ%20Teen%20https://fampay.in/blog/things-you-must-know-as-a-teens-parent/
https://fampay.in/blog/things-you-must-know-as-a-teens-parent/,https://www.facebook.com/sharer/sharer.php?u=https://fampay.in/blog/things-you-must-know-as-a-teens-parent/
https://fampay.in/blog/things-you-must-know-as-a-teens-parent/,https://twitter.com/intent/tweet?text=Things%20You%20Must%20Know%20as%20a%20Parent%20of%20a%20GenZ%20Teen&url=https://fampay.in/blog/things-you-must-know-as-a-teens-parent/
https://fampay.in/blog/tag/parents/,https://fampay.in/blog/impact-of-social-distancing-on-teen-mental-health/
https://fampay.in/blog/impact-of-social-distancing-on-teen-mental-health/,https://wa.me/?text=Impact%20of%20Social%20Distancing%20on%20Teen%20Mental%20Health%20https://fampay.in/blog/impact-of-social-distancing-on-teen-mental-health/
https://fampay.in/blog/impact-of-social-distancing-on-teen-mental-health/,https://www.facebook.com/sharer/sharer.php?u=https://fampay.in/blog/impact-of-social-distancing-on-teen-mental-health/
https://fampay.in/blog/impact-of-social-distancing-on-teen-mental-health/,https://twitter.com/intent/tweet?text=Impact%20of%20Social%20Distancing%20on%20Teen%20Mental%20Health&url=https://fampay.in/blog/impact-of-social-distancing-on-teen-mental-health/
https://fampay.in/blog/tag/parents/,https://fampay.in/blog/tag/parents/page/2/
https://fampay.in/blog/tag/parents/page/2/,https://fampay.in/blog/bridging-generation-gap-understanding-your-genz-teenager-better/
https://fampay.in/blog/bridging-generation-gap-understanding-your-genz-teenager-better/,https://wa.me/?text=Bridging%20Generation%20Gap%3A%20Understanding%20Your%20GenZ%20Teenager%20Better%20https://fampay.in/blog/bridging-generation-gap-understanding-your-genz-teenager-better/
https://fampay.in/blog/bridging-generation-gap-understanding-your-genz-teenager-better/,https://www.facebook.com/sharer/sharer.php?u=https://fampay.in/blog/bridging-generation-gap-understanding-your-genz-teenager-better/
https://fampay.in/blog/bridging-generation-gap-understanding-your-genz-teenager-better/,https://twitter.com/intent/tweet?text=Bridging%20Generation%20Gap%3A%20Understanding%20Your%20GenZ%20Teenager%20Better&url=https://fampay.in/blog/bridging-generation-gap-understanding-your-genz-teenager-better/
https://fampay.in/blog,https://fampay.in/blog/tag/news/
https://fampay.in/blog/tag/news/,https://fampay.in/blog/teen-focused-fintech-startup-fampay-raises-38m-in-series-a/
https://fampay.in/blog/teen-focused-fintech-startup-fampay-raises-38m-in-series-a/,https://wa.me/?text=Teen%20focused%20fintech%20startup%20FamPay%20raises%20%2438M%20in%20Series%20A%20https://fampay.in/blog/teen-focused-fintech-startup-fampay-raises-38m-in-series-a/
https://fampay.in/blog/teen-focused-fintech-startup-fampay-raises-38m-in-series-a/,https://www.facebook.com/sharer/sharer.php?u=https://fampay.in/blog/teen-focused-fintech-startup-fampay-raises-38m-in-series-a/
https://fampay.in/blog/teen-focused-fintech-startup-fampay-raises-38m-in-series-a/,https://twitter.com/intent/tweet?text=Teen%20focused%20fintech%20startup%20FamPay%20raises%20%2438M%20in%20Series%20A&url=https://fampay.in/blog/teen-focused-fintech-startup-fampay-raises-38m-in-series-a/
https://fampay.in/blog/tag/news/,https://fampay.in/blog/fampay-is-set-to-launch-indias-first-and-biggest-digi-fest-for-teens/
https://fampay.in/blog/fampay-is-set-to-launch-indias-first-and-biggest-digi-fest-for-teens/,https://wa.me/?text=FamPay%20is%20set%20to%20launch%20India%E2%80%99s%20first%20and%20biggest%20Digi-Fest%20for%20Teens%20https://fampay.in/blog/fampay-is-set-to-launch-indias-first-and-biggest-digi-fest-for-teens/
https://fampay.in/blog/fampay-is-set-to-launch-indias-first-and-biggest-digi-fest-for-teens/,https://www.facebook.com/sharer/sharer.php?u=https://fampay.in/blog/fampay-is-set-to-launch-indias-first-and-biggest-digi-fest-for-teens/
https://fampay.in/blog/fampay-is-set-to-launch-indias-first-and-biggest-digi-fest-for-teens/,https://twitter.com/intent/tweet?text=FamPay%20is%20set%20to%20launch%20India%E2%80%99s%20first%20and%20biggest%20Digi-Fest%20for%20Teens&url=https://fampay.in/blog/fampay-is-set-to-launch-indias-first-and-biggest-digi-fest-for-teens/
https://fampay.in/blog/fampay-is-set-to-launch-indias-first-and-biggest-digi-fest-for-teens/,https://www.aninews.in/news/business/fampay-is-set-to-launch-indias-first-and-biggest-digi-fest-for-teens20201104123744/
https://www.aninews.in/news/business/fampay-is-set-to-launch-indias-first-and-biggest-digi-fest-for-teens20201104123744/,https://www.aninews.in/topic/fampay/
https://fampay.in/blog/tag/news/,https://fampay.in/blog/zetas-fusion-to-power-fampays-cashless-payments-for-gen-z/
https://fampay.in/blog/zetas-fusion-to-power-fampays-cashless-payments-for-gen-z/,https://wa.me/?text=Zeta%E2%80%99s%20Fusion%20To%20Power%20FamPay%E2%80%99s%20Cashless%20Payments%20For%20Gen%20Z%20https://fampay.in/blog/zetas-fusion-to-power-fampays-cashless-payments-for-gen-z/
https://fampay.in/blog/zetas-fusion-to-power-fampays-cashless-payments-for-gen-z/,https://www.facebook.com/sharer/sharer.php?u=https://fampay.in/blog/zetas-fusion-to-power-fampays-cashless-payments-for-gen-z/
https://fampay.in/blog/zetas-fusion-to-power-fampays-cashless-payments-for-gen-z/,https://twitter.com/intent/tweet?text=Zeta%E2%80%99s%20Fusion%20To%20Power%20FamPay%E2%80%99s%20Cashless%20Payments%20For%20Gen%20Z&url=https://fampay.in/blog/zetas-fusion-to-power-fampays-cashless-payments-for-gen-z/
https://fampay.in/blog/tag/news/,https://fampay.in/blog/digital-payments-exploding-in-india-yet-the-tech-savvy-teens-still-stuck-paying-with-cash-survey-by-fampay-indias-first-neobank-for-teenagers/
https://fampay.in/blog/digital-payments-exploding-in-india-yet-the-tech-savvy-teens-still-stuck-paying-with-cash-survey-by-fampay-indias-first-neobank-for-teenagers/,https://wa.me/?text=Digital%20Payments%20Exploding%20in%20India%2C%20Yet%20the%20Tech-Savvy%20Teens%20Still%20Stuck%20Paying%20with%20Cash%20https://fampay.in/blog/digital-payments-exploding-in-india-yet-the-tech-savvy-teens-still-stuck-paying-with-cash-survey-by-fampay-indias-first-neobank-for-teenagers/
https://fampay.in/blog/digital-payments-exploding-in-india-yet-the-tech-savvy-teens-still-stuck-paying-with-cash-survey-by-fampay-indias-first-neobank-for-teenagers/,https://www.facebook.com/sharer/sharer.php?u=https://fampay.in/blog/digital-payments-exploding-in-india-yet-the-tech-savvy-teens-still-stuck-paying-with-cash-survey-by-fampay-indias-first-neobank-for-teenagers/
https://fampay.in/blog/digital-payments-exploding-in-india-yet-the-tech-savvy-teens-still-stuck-paying-with-cash-survey-by-fampay-indias-first-neobank-for-teenagers/,https://twitter.com/intent/tweet?text=Digital%20Payments%20Exploding%20in%20India%2C%20Yet%20the%20Tech-Savvy%20Teens%20Still%20Stuck%20Paying%20with%20Cash&url=https://fampay.in/blog/digital-payments-exploding-in-india-yet-the-tech-savvy-teens-still-stuck-paying-with-cash-survey-by-fampay-indias-first-neobank-for-teenagers/
https://fampay.in/blog/tag/news/,https://fampay.in/blog/this-fintech-startup-by-iit-roorkee-alum-is-giving-teenagers-financial-freedom-responsibly-yourstory/
https://fampay.in/blog/this-fintech-startup-by-iit-roorkee-alum-is-giving-teenagers-financial-freedom-responsibly-yourstory/,https://wa.me/?text=This%20fintech%20startup%20by%20IIT%20Roorkee%20alum%20is%20giving%20teenagers%20financial%20freedom%20responsibly%3A%20YourStory%20https://fampay.in/blog/this-fintech-startup-by-iit-roorkee-alum-is-giving-teenagers-financial-freedom-responsibly-yourstory/
https://fampay.in/blog/this-fintech-startup-by-iit-roorkee-alum-is-giving-teenagers-financial-freedom-responsibly-yourstory/,https://www.facebook.com/sharer/sharer.php?u=https://fampay.in/blog/this-fintech-startup-by-iit-roorkee-alum-is-giving-teenagers-financial-freedom-responsibly-yourstory/
https://fampay.in/blog/this-fintech-startup-by-iit-roorkee-alum-is-giving-teenagers-financial-freedom-responsibly-yourstory/,https://twitter.com/intent/tweet?text=This%20fintech%20startup%20by%20IIT%20Roorkee%20alum%20is%20giving%20teenagers%20financial%20freedom%20responsibly%3A%20YourStory&url=https://fampay.in/blog/this-fintech-startup-by-iit-roorkee-alum-is-giving-teenagers-financial-freedom-responsibly-yourstory/
https://fampay.in/blog/tag/news/,https://fampay.in/blog/fampay-announces-launch-of-indias-first-numberless-card/
https://fampay.in/blog/fampay-announces-launch-of-indias-first-numberless-card/,https://wa.me/?text=FamPay%20Announces%20Launch%20of%20India%E2%80%99s%20First%20Numberless%20Card%20https://fampay.in/blog/fampay-announces-launch-of-indias-first-numberless-card/
https://fampay.in/blog/fampay-announces-launch-of-indias-first-numberless-card/,https://www.facebook.com/sharer/sharer.php?u=https://fampay.in/blog/fampay-announces-launch-of-indias-first-numberless-card/
https://fampay.in/blog/fampay-announces-launch-of-indias-first-numberless-card/,https://twitter.com/intent/tweet?text=FamPay%20Announces%20Launch%20of%20India%E2%80%99s%20First%20Numberless%20Card&url=https://fampay.in/blog/fampay-announces-launch-of-indias-first-numberless-card/
https://fampay.in/blog/fampay-announces-launch-of-indias-first-numberless-card/,http://www.fampay.in/
https://fampay.in/blog,https://fampay.in/blog/tag/famsays/
https://fampay.in/blog/tag/famsays/,https://fampay.in/blog/365-days-of-internship-at-fampay/
https://fampay.in/blog/365-days-of-internship-at-fampay/,https://wa.me/?text=My%20365%20Days%20of%20Internship%20at%20FamPay%20%F0%9F%9A%80%20https://fampay.in/blog/365-days-of-internship-at-fampay/
https://fampay.in/blog/365-days-of-internship-at-fampay/,https://www.facebook.com/sharer/sharer.php?u=https://fampay.in/blog/365-days-of-internship-at-fampay/
https://fampay.in/blog/365-days-of-internship-at-fampay/,https://twitter.com/intent/tweet?text=My%20365%20Days%20of%20Internship%20at%20FamPay%20%F0%9F%9A%80&url=https://fampay.in/blog/365-days-of-internship-at-fampay/
https://fampay.in/blog/tag/famsays/,https://fampay.in/blog/how-instagram-reel-can-really-grow-your-brand/
https://fampay.in/blog/how-instagram-reel-can-really-grow-your-brand/,https://wa.me/?text=How%20Instagram%20Reel%20can%20really%20grow%20your%20brand%20%F0%9F%A4%B3%20https://fampay.in/blog/how-instagram-reel-can-really-grow-your-brand/
https://fampay.in/blog/how-instagram-reel-can-really-grow-your-brand/,https://www.facebook.com/sharer/sharer.php?u=https://fampay.in/blog/how-instagram-reel-can-really-grow-your-brand/
https://fampay.in/blog/how-instagram-reel-can-really-grow-your-brand/,https://twitter.com/intent/tweet?text=How%20Instagram%20Reel%20can%20really%20grow%20your%20brand%20%F0%9F%A4%B3&url=https://fampay.in/blog/how-instagram-reel-can-really-grow-your-brand/
https://fampay.in/blog/tag/famsays/,https://fampay.in/blog/author/suhani/
https://fampay.in/blog/tag/famsays/,https://fampay.in/blog/config-variables-changing-system-behaviour-live-in-production/
https://fampay.in/blog/config-variables-changing-system-behaviour-live-in-production/,https://wa.me/?text=Config%20Variables%3A%20Changing%20System%20Behaviour%20Live%20In%20Production%20%F0%9F%91%A8%E2%80%8D%F0%9F%92%BB%20https://fampay.in/blog/config-variables-changing-system-behaviour-live-in-production/
https://fampay.in/blog/config-variables-changing-system-behaviour-live-in-production/,https://www.facebook.com/sharer/sharer.php?u=https://fampay.in/blog/config-variables-changing-system-behaviour-live-in-production/
https://fampay.in/blog/config-variables-changing-system-behaviour-live-in-production/,https://twitter.com/intent/tweet?text=Config%20Variables%3A%20Changing%20System%20Behaviour%20Live%20In%20Production%20%F0%9F%91%A8%E2%80%8D%F0%9F%92%BB&url=https://fampay.in/blog/config-variables-changing-system-behaviour-live-in-production/
https://fampay.in/blog/tag/famsays/,https://fampay.in/blog/author/sameeran/
https://fampay.in/blog/tag/famsays/,https://fampay.in/blog/a-marketers-guide-to-moment-marketing/
https://fampay.in/blog/a-marketers-guide-to-moment-marketing/,https://wa.me/?text=A%20marketers%20guide%20to%20moment%20marketing%20%E2%8F%B0%20https://fampay.in/blog/a-marketers-guide-to-moment-marketing/
https://fampay.in/blog/a-marketers-guide-to-moment-marketing/,https://www.facebook.com/sharer/sharer.php?u=https://fampay.in/blog/a-marketers-guide-to-moment-marketing/
https://fampay.in/blog/a-marketers-guide-to-moment-marketing/,https://twitter.com/intent/tweet?text=A%20marketers%20guide%20to%20moment%20marketing%20%E2%8F%B0&url=https://fampay.in/blog/a-marketers-guide-to-moment-marketing/
https://fampay.in/blog/a-marketers-guide-to-moment-marketing/,https://www.linkedin.com/company/fampay/mycompany/
https://fampay.in/blog/tag/famsays/,https://fampay.in/blog/author/priyanka/
https://fampay.in/blog/tag/famsays/,https://fampay.in/blog/the-story-behind-fampays-tech-stack/
https://fampay.in/blog/the-story-behind-fampays-tech-stack/,https://wa.me/?text=The%20Story%20Behind%20FamPay's%20Tech%20Stack%F0%9F%9A%80%20https://fampay.in/blog/the-story-behind-fampays-tech-stack/
https://fampay.in/blog/the-story-behind-fampays-tech-stack/,https://www.facebook.com/sharer/sharer.php?u=https://fampay.in/blog/the-story-behind-fampays-tech-stack/
https://fampay.in/blog/the-story-behind-fampays-tech-stack/,https://twitter.com/intent/tweet?text=The%20Story%20Behind%20FamPay's%20Tech%20Stack%F0%9F%9A%80&url=https://fampay.in/blog/the-story-behind-fampays-tech-stack/
https://fampay.in/blog/tag/famsays/,https://fampay.in/blog/famstars-we-stress-less-and-accomplish-more/
https://fampay.in/blog/famstars-we-stress-less-and-accomplish-more/,https://wa.me/?text=We%20stress%20less%20and%20accomplish%20more%3A%20A%20guide%20on%20how%20we%20get%20things%20done%20at%20FamPay!%20%F0%9F%99%8C%20https://fampay.in/blog/famstars-we-stress-less-and-accomplish-more/
https://fampay.in/blog/famstars-we-stress-less-and-accomplish-more/,https://www.facebook.com/sharer/sharer.php?u=https://fampay.in/blog/famstars-we-stress-less-and-accomplish-more/
https://fampay.in/blog/famstars-we-stress-less-and-accomplish-more/,https://twitter.com/intent/tweet?text=We%20stress%20less%20and%20accomplish%20more%3A%20A%20guide%20on%20how%20we%20get%20things%20done%20at%20FamPay!%20%F0%9F%99%8C&url=https://fampay.in/blog/famstars-we-stress-less-and-accomplish-more/
https://fampay.in/blog/tag/famsays/,https://fampay.in/blog/author/saipremtelkar/
https://fampay.in/blog/tag/famsays/,https://fampay.in/blog/tag/famsays/page/2/
https://fampay.in/blog/tag/famsays/page/2/,https://fampay.in/blog/getting-your-generations-right-millennials-v-s-genz/
https://fampay.in/blog/getting-your-generations-right-millennials-v-s-genz/,https://wa.me/?text=Getting%20your%20Generations%20Right%2C%20Millennials%20V%2FS%20GenZ!%20%F0%9F%A4%BC%E2%80%8D%E2%99%82%EF%B8%8F%20https://fampay.in/blog/getting-your-generations-right-millennials-v-s-genz/
https://fampay.in/blog/getting-your-generations-right-millennials-v-s-genz/,https://www.facebook.com/sharer/sharer.php?u=https://fampay.in/blog/getting-your-generations-right-millennials-v-s-genz/
https://fampay.in/blog/getting-your-generations-right-millennials-v-s-genz/,https://twitter.com/intent/tweet?text=Getting%20your%20Generations%20Right%2C%20Millennials%20V%2FS%20GenZ!%20%F0%9F%A4%BC%E2%80%8D%E2%99%82%EF%B8%8F&url=https://fampay.in/blog/getting-your-generations-right-millennials-v-s-genz/
https://fampay.in/blog/tag/famsays/page/2/,https://fampay.in/blog/author/sajal/
https://fampay.in/blog/tag/famsays/page/2/,https://fampay.in/blog/effectively-harnessing-motion-design-for-genzs/
https://fampay.in/blog/effectively-harnessing-motion-design-for-genzs/,https://wa.me/?text=Effectively%20harnessing%20Motion%20Design%20for%20GenZs%20https://fampay.in/blog/effectively-harnessing-motion-design-for-genzs/
https://fampay.in/blog/effectively-harnessing-motion-design-for-genzs/,https://www.facebook.com/sharer/sharer.php?u=https://fampay.in/blog/effectively-harnessing-motion-design-for-genzs/
https://fampay.in/blog/effectively-harnessing-motion-design-for-genzs/,https://twitter.com/intent/tweet?text=Effectively%20harnessing%20Motion%20Design%20for%20GenZs&url=https://fampay.in/blog/effectively-harnessing-motion-design-for-genzs/
https://fampay.in/blog/tag/famsays/page/2/,https://fampay.in/blog/author/hrishikesh/
https://fampay.in/blog/tag/famsays/page/2/,https://fampay.in/blog/writing-content-for-a-content-saturated-generation/
https://fampay.in/blog/writing-content-for-a-content-saturated-generation/,https://wa.me/?text=Writing%20content%20for%20a%20content-saturated%20generation%20%E2%9C%8D%20https://fampay.in/blog/writing-content-for-a-content-saturated-generation/
https://fampay.in/blog/writing-content-for-a-content-saturated-generation/,https://www.facebook.com/sharer/sharer.php?u=https://fampay.in/blog/writing-content-for-a-content-saturated-generation/
https://fampay.in/blog/writing-content-for-a-content-saturated-generation/,https://twitter.com/intent/tweet?text=Writing%20content%20for%20a%20content-saturated%20generation%20%E2%9C%8D&url=https://fampay.in/blog/writing-content-for-a-content-saturated-generation/
https://fampay.in/blog/writing-content-for-a-content-saturated-generation/,https://fampay.in/blog/researching-the-unresearched-genzs/
https://fampay.in/blog/tag/famsays/page/2/,https://fampay.in/blog/author/diya/
https://fampay.in/blog/tag/famsays/page/2/,https://fampay.in/blog/how-to-grow-your-instagram-followers-a-quick-guide-for-all-genz-brands/
https://fampay.in/blog/how-to-grow-your-instagram-followers-a-quick-guide-for-all-genz-brands/,https://wa.me/?text=How%20to%20grow%20your%20Instagram%20followers%3F%F0%9F%A4%B3%20-%20A%20quick%20guide%20for%20all%20GenZ%20brands!%20https://fampay.in/blog/how-to-grow-your-instagram-followers-a-quick-guide-for-all-genz-brands/
https://fampay.in/blog/how-to-grow-your-instagram-followers-a-quick-guide-for-all-genz-brands/,https://www.facebook.com/sharer/sharer.php?u=https://fampay.in/blog/how-to-grow-your-instagram-followers-a-quick-guide-for-all-genz-brands/
https://fampay.in/blog/how-to-grow-your-instagram-followers-a-quick-guide-for-all-genz-brands/,https://twitter.com/intent/tweet?text=How%20to%20grow%20your%20Instagram%20followers%3F%F0%9F%A4%B3%20-%20A%20quick%20guide%20for%20all%20GenZ%20brands!&url=https://fampay.in/blog/how-to-grow-your-instagram-followers-a-quick-guide-for-all-genz-brands/
https://fampay.in/blog/how-to-grow-your-instagram-followers-a-quick-guide-for-all-genz-brands/,https://www.instagram.com/explore/tags/getfampaid/
https://fampay.in/blog/tag/famsays/page/2/,https://fampay.in/blog/author/tanya/
https://fampay.in/blog/tag/famsays/page/2/,https://fampay.in/blog/tag/famsays/page/3/
https://fampay.in/blog/tag/famsays/page/3/,https://fampay.in/blog/author/charvi/
https://fampay.in/blog/tag/famsays/page/3/,https://fampay.in/blog/living-life-genz-style/
https://fampay.in/blog/tag/famsays/page/3/,https://fampay.in/blog/journey-to-the-centre-of-100k-downloads/
https://fampay.in/blog/tag/famsays/page/3/,https://fampay.in/blog/remote-working-divided-by-distance-united-by-mission/
https://fampay.in/blog,https://fampay.in/blog/tag/community/
https://fampay.in/blog/tag/community/,https://fampay.in/blog/genz-commits-to-fight-covid-19/
https://fampay.in/blog/genz-commits-to-fight-covid-19/,https://wa.me/?text=GenZs%20commit%20to%20fight%20Covid-19%20%F0%9F%8E%AF%20https://fampay.in/blog/genz-commits-to-fight-covid-19/
https://fampay.in/blog/genz-commits-to-fight-covid-19/,https://www.facebook.com/sharer/sharer.php?u=https://fampay.in/blog/genz-commits-to-fight-covid-19/
https://fampay.in/blog/genz-commits-to-fight-covid-19/,https://twitter.com/intent/tweet?text=GenZs%20commit%20to%20fight%20Covid-19%20%F0%9F%8E%AF&url=https://fampay.in/blog/genz-commits-to-fight-covid-19/
https://fampay.in/blog,https://fampay.in/blog/tag/culture/
https://fampay.in/blog/tag/culture/,https://fampay.in/blog/12-queer-led-small-businesses-you-need-to-support-this-pride-month/
https://fampay.in/blog/12-queer-led-small-businesses-you-need-to-support-this-pride-month/,https://wa.me/?text=12%20Queer-led%20Small%20Businesses%20You%20Need%20To%20Support%20This%20Pride%20Month%F0%9F%8C%88%20https://fampay.in/blog/12-queer-led-small-businesses-you-need-to-support-this-pride-month/
https://fampay.in/blog/12-queer-led-small-businesses-you-need-to-support-this-pride-month/,https://www.facebook.com/sharer/sharer.php?u=https://fampay.in/blog/12-queer-led-small-businesses-you-need-to-support-this-pride-month/
https://fampay.in/blog/12-queer-led-small-businesses-you-need-to-support-this-pride-month/,https://twitter.com/intent/tweet?text=12%20Queer-led%20Small%20Businesses%20You%20Need%20To%20Support%20This%20Pride%20Month%F0%9F%8C%88&url=https://fampay.in/blog/12-queer-led-small-businesses-you-need-to-support-this-pride-month/
https://fampay.in/blog,https://fampay.in/blog/tag/growth/
https://fampay.in/blog/tag/growth/,https://fampay.in/blog/tag/growth/page/2/
https://fampay.in/blog,https://fampay.in/blog/tag/lifestyle/
https://fampay.in/blog/tag/lifestyle/,https://fampay.in/blog/the-most-beautiful-college-campuses-in-india/
https://fampay.in/blog/the-most-beautiful-college-campuses-in-india/,https://wa.me/?text=The%20most%20beautiful%20college%20campuses%20in%20India%20%F0%9F%8E%93%20https://fampay.in/blog/the-most-beautiful-college-campuses-in-india/
https://fampay.in/blog/the-most-beautiful-college-campuses-in-india/,https://www.facebook.com/sharer/sharer.php?u=https://fampay.in/blog/the-most-beautiful-college-campuses-in-india/
https://fampay.in/blog/the-most-beautiful-college-campuses-in-india/,https://twitter.com/intent/tweet?text=The%20most%20beautiful%20college%20campuses%20in%20India%20%F0%9F%8E%93&url=https://fampay.in/blog/the-most-beautiful-college-campuses-in-india/
https://fampay.in/blog/tag/lifestyle/,https://fampay.in/blog/tag/lifestyle/page/2/
https://fampay.in/blog/tag/lifestyle/page/2/,https://fampay.in/blog/looking-for-financial-independence-as-a-youngster-5-ways-to-earn-while-youre-young/
https://fampay.in/blog/looking-for-financial-independence-as-a-youngster-5-ways-to-earn-while-youre-young/,https://wa.me/?text=Looking%20for%20Financial%20Independence%20as%20a%20Youngster%3F%205%20Ways%20to%20Earn%20While%20you%E2%80%99re%20Young%F0%9F%A4%91%20https://fampay.in/blog/looking-for-financial-independence-as-a-youngster-5-ways-to-earn-while-youre-young/
https://fampay.in/blog/looking-for-financial-independence-as-a-youngster-5-ways-to-earn-while-youre-young/,https://www.facebook.com/sharer/sharer.php?u=https://fampay.in/blog/looking-for-financial-independence-as-a-youngster-5-ways-to-earn-while-youre-young/
https://fampay.in/blog/looking-for-financial-independence-as-a-youngster-5-ways-to-earn-while-youre-young/,https://twitter.com/intent/tweet?text=Looking%20for%20Financial%20Independence%20as%20a%20Youngster%3F%205%20Ways%20to%20Earn%20While%20you%E2%80%99re%20Young%F0%9F%A4%91&url=https://fampay.in/blog/looking-for-financial-independence-as-a-youngster-5-ways-to-earn-while-youre-young/
https://fampay.in/blog/tag/lifestyle/page/2/,https://fampay.in/blog/want-to-become-a-teenage-influencer-start-here/
https://fampay.in/blog/want-to-become-a-teenage-influencer-start-here/,https://wa.me/?text=Quick%20Guide%20to%20be%20a%20Teenfluencer%20%F0%9F%91%B8%F0%9F%A4%B4%20https://fampay.in/blog/want-to-become-a-teenage-influencer-start-here/
https://fampay.in/blog/want-to-become-a-teenage-influencer-start-here/,https://www.facebook.com/sharer/sharer.php?u=https://fampay.in/blog/want-to-become-a-teenage-influencer-start-here/
https://fampay.in/blog/want-to-become-a-teenage-influencer-start-here/,https://twitter.com/intent/tweet?text=Quick%20Guide%20to%20be%20a%20Teenfluencer%20%F0%9F%91%B8%F0%9F%A4%B4&url=https://fampay.in/blog/want-to-become-a-teenage-influencer-start-here/
https://fampay.in/blog/tag/lifestyle/page/2/,https://fampay.in/blog/tag/lifestyle/page/3/
https://fampay.in/blog/tag/lifestyle/page/3/,https://fampay.in/blog/jumpstart-your-career-5-unconventional-career-choices-for-genzs/
https://fampay.in/blog/tag/lifestyle/page/3/,https://fampay.in/blog/how-to-go-from-awkward-to-awesome-in-your-teens/
https://fampay.in/blog/tag/lifestyle/page/3/,https://fampay.in/blog/7-cool-insta-dads-of-bollywood/
https://fampay.in/blog,https://fampay.in/blog/tag/pr-news/
https://fampay.in/blog/tag/pr-news/,https://fampay.in/blog/fampay-amongst-linkedins-top-startups-list-2021/
https://fampay.in/blog/fampay-amongst-linkedins-top-startups-list-2021/,https://wa.me/?text=FamPay%20amongst%20LinkedIn%E2%80%99s%20Top%20Startups%20List%202021%20https://fampay.in/blog/fampay-amongst-linkedins-top-startups-list-2021/
https://fampay.in/blog/fampay-amongst-linkedins-top-startups-list-2021/,https://www.facebook.com/sharer/sharer.php?u=https://fampay.in/blog/fampay-amongst-linkedins-top-startups-list-2021/
https://fampay.in/blog/fampay-amongst-linkedins-top-startups-list-2021/,https://twitter.com/intent/tweet?text=FamPay%20amongst%20LinkedIn%E2%80%99s%20Top%20Startups%20List%202021&url=https://fampay.in/blog/fampay-amongst-linkedins-top-startups-list-2021/
https://fampay.in/blog/tag/pr-news/,https://fampay.in/blog/fampay-partners-with-visa-to-launch-indias-first-doodle-card-for-genz/
https://fampay.in/blog/fampay-partners-with-visa-to-launch-indias-first-doodle-card-for-genz/,https://wa.me/?text=FamPay%20partners%20with%20Visa%20to%20launch%20India%E2%80%99s%20first%20Doodle%20Card%20for%20GenZ%20https://fampay.in/blog/fampay-partners-with-visa-to-launch-indias-first-doodle-card-for-genz/
https://fampay.in/blog/fampay-partners-with-visa-to-launch-indias-first-doodle-card-for-genz/,https://www.facebook.com/sharer/sharer.php?u=https://fampay.in/blog/fampay-partners-with-visa-to-launch-indias-first-doodle-card-for-genz/
https://fampay.in/blog/fampay-partners-with-visa-to-launch-indias-first-doodle-card-for-genz/,https://twitter.com/intent/tweet?text=FamPay%20partners%20with%20Visa%20to%20launch%20India%E2%80%99s%20first%20Doodle%20Card%20for%20GenZ&url=https://fampay.in/blog/fampay-partners-with-visa-to-launch-indias-first-doodle-card-for-genz/
https://fampay.in/blog,https://fampay.in/blog/tag/product/
https://fampay.in/blog/tag/product/,https://fampay.in/blog/tag/product/page/2/
https://fampay.in/blog/tag/product/page/2/,https://fampay.in/blog/one-stop-solution-for-all-your-kyc-concerns/
https://fampay.in/blog/one-stop-solution-for-all-your-kyc-concerns/,https://wa.me/?text=One-stop%20solution%20for%20all%20your%20KYC%20concerns%20https://fampay.in/blog/one-stop-solution-for-all-your-kyc-concerns/
https://fampay.in/blog/one-stop-solution-for-all-your-kyc-concerns/,https://www.facebook.com/sharer/sharer.php?u=https://fampay.in/blog/one-stop-solution-for-all-your-kyc-concerns/
https://fampay.in/blog/one-stop-solution-for-all-your-kyc-concerns/,https://twitter.com/intent/tweet?text=One-stop%20solution%20for%20all%20your%20KYC%20concerns&url=https://fampay.in/blog/one-stop-solution-for-all-your-kyc-concerns/
https://fampay.in/blog/tag/product/page/2/,https://fampay.in/blog/famcard-your-first-prepaid-card/
https://fampay.in/blog/famcard-your-first-prepaid-card/,https://wa.me/?text=FamCard%20-%20your%20first%20prepaid%20card!%20%F0%9F%92%B3%F0%9F%A4%A9%F0%9F%A5%B3%20https://fampay.in/blog/famcard-your-first-prepaid-card/
https://fampay.in/blog/famcard-your-first-prepaid-card/,https://www.facebook.com/sharer/sharer.php?u=https://fampay.in/blog/famcard-your-first-prepaid-card/
https://fampay.in/blog/famcard-your-first-prepaid-card/,https://twitter.com/intent/tweet?text=FamCard%20-%20your%20first%20prepaid%20card!%20%F0%9F%92%B3%F0%9F%A4%A9%F0%9F%A5%B3&url=https://fampay.in/blog/famcard-your-first-prepaid-card/
https://fampay.in/blog/tag/product/page/2/,https://fampay.in/blog/fampay-the-solution-to-your-cash-problems/
https://fampay.in/blog/fampay-the-solution-to-your-cash-problems/,https://wa.me/?text=FamPay-%20the%20solution%20to%20your%20cash%20problems!%20%F0%9F%98%8E%20https://fampay.in/blog/fampay-the-solution-to-your-cash-problems/
https://fampay.in/blog/fampay-the-solution-to-your-cash-problems/,https://www.facebook.com/sharer/sharer.php?u=https://fampay.in/blog/fampay-the-solution-to-your-cash-problems/
https://fampay.in/blog/fampay-the-solution-to-your-cash-problems/,https://twitter.com/intent/tweet?text=FamPay-%20the%20solution%20to%20your%20cash%20problems!%20%F0%9F%98%8E&url=https://fampay.in/blog/fampay-the-solution-to-your-cash-problems/
https://fampay.in/blog,https://fampay.in/blog/tag/tech/
https://fampay.in/blog/tag/tech/,https://fampay.in/blog/how-a-pressing-problem-can-lead-to-technological-innovation/
https://fampay.in/blog/how-a-pressing-problem-can-lead-to-technological-innovation/,https://wa.me/?text=How%20a%20Pressing%20Problem%20can%20lead%20to%20Technological%20Innovation%20https://fampay.in/blog/how-a-pressing-problem-can-lead-to-technological-innovation/
https://fampay.in/blog/how-a-pressing-problem-can-lead-to-technological-innovation/,https://www.facebook.com/sharer/sharer.php?u=https://fampay.in/blog/how-a-pressing-problem-can-lead-to-technological-innovation/
https://fampay.in/blog/how-a-pressing-problem-can-lead-to-technological-innovation/,https://twitter.com/intent/tweet?text=How%20a%20Pressing%20Problem%20can%20lead%20to%20Technological%20Innovation&url=https://fampay.in/blog/how-a-pressing-problem-can-lead-to-technological-innovation/
https://fampay.in/blog/how-a-pressing-problem-can-lead-to-technological-innovation/,http://friends.fampay.in/
http://friends.fampay.in/,http://friends.fampay.in/about
http://friends.fampay.in/,http://friends.fampay.in/parent
http://friends.fampay.in/,http://friends.fampay.in/blog
http://friends.fampay.in/,http://friends.fampay.in/careers
http://friends.fampay.in/,http://friends.fampay.in/partner
http://friends.fampay.in/,http://friends.fampay.in/friends
http://friends.fampay.in/,http://friends.fampay.in/faqs
http://friends.fampay.in/,http://friends.fampay.in/blog/
http://friends.fampay.in/,http://friends.fampay.in/press
http://friends.fampay.in/,http://friends.fampay.in/privacy
http://friends.fampay.in/,http://friends.fampay.in/terms
http://friends.fampay.in/,http://friends.fampay.in/contact
https://fampay.in/blog/tag/tech/,https://fampay.in/blog/author/shiv/
https://fampay.in/blog/tag/tech/,https://fampay.in/blog/tag/teenpreneurs/
https://fampay.in/blog/tag/teenpreneurs/,https://fampay.in/blog/generation-z-as-global-citizens-can-create-a-revolution/
https://fampay.in/blog/generation-z-as-global-citizens-can-create-a-revolution/,https://wa.me/?text=Generation%20Z%20as%20global%20citizens%20can%20create%20a%20revolution%20https://fampay.in/blog/generation-z-as-global-citizens-can-create-a-revolution/
https://fampay.in/blog/generation-z-as-global-citizens-can-create-a-revolution/,https://www.facebook.com/sharer/sharer.php?u=https://fampay.in/blog/generation-z-as-global-citizens-can-create-a-revolution/
https://fampay.in/blog/generation-z-as-global-citizens-can-create-a-revolution/,https://twitter.com/intent/tweet?text=Generation%20Z%20as%20global%20citizens%20can%20create%20a%20revolution&url=https://fampay.in/blog/generation-z-as-global-citizens-can-create-a-revolution/
https://fampay.in/blog/generation-z-as-global-citizens-can-create-a-revolution/,http://fampay.in/
https://fampay.in/blog/tag/teenpreneurs/,https://fampay.in/blog/author/rida/
https://fampay.in/blog/tag/teenpreneurs/,https://fampay.in/blog/from-the-rough-road-of-failure-to-the-dream-travel-of-success/
https://fampay.in/blog/from-the-rough-road-of-failure-to-the-dream-travel-of-success/,https://wa.me/?text=From%20the%20Rough%20road%20of%20Failure%20to%20the%20Dream%20travel%20of%20Success!%20https://fampay.in/blog/from-the-rough-road-of-failure-to-the-dream-travel-of-success/
https://fampay.in/blog/from-the-rough-road-of-failure-to-the-dream-travel-of-success/,https://www.facebook.com/sharer/sharer.php?u=https://fampay.in/blog/from-the-rough-road-of-failure-to-the-dream-travel-of-success/
https://fampay.in/blog/from-the-rough-road-of-failure-to-the-dream-travel-of-success/,https://twitter.com/intent/tweet?text=From%20the%20Rough%20road%20of%20Failure%20to%20the%20Dream%20travel%20of%20Success!&url=https://fampay.in/blog/from-the-rough-road-of-failure-to-the-dream-travel-of-success/
https://fampay.in/blog/tag/teenpreneurs/,https://fampay.in/blog/author/chirag-gupta/
https://fampay.in/blog/tag/teenpreneurs/,https://fampay.in/blog/pursuing-my-dream-of-becoming-a-psychologist/
https://fampay.in/blog/pursuing-my-dream-of-becoming-a-psychologist/,https://wa.me/?text=Pursuing%20my%20dream%20of%20becoming%20a%20Psychologist%20https://fampay.in/blog/pursuing-my-dream-of-becoming-a-psychologist/
https://fampay.in/blog/pursuing-my-dream-of-becoming-a-psychologist/,https://www.facebook.com/sharer/sharer.php?u=https://fampay.in/blog/pursuing-my-dream-of-becoming-a-psychologist/
https://fampay.in/blog/pursuing-my-dream-of-becoming-a-psychologist/,https://twitter.com/intent/tweet?text=Pursuing%20my%20dream%20of%20becoming%20a%20Psychologist&url=https://fampay.in/blog/pursuing-my-dream-of-becoming-a-psychologist/
https://fampay.in/blog/tag/teenpreneurs/,https://fampay.in/blog/author/gauri/
https://fampay.in/blog/tag/teenpreneurs/,https://fampay.in/blog/solving-social-problems-through-entrepreneurship/
https://fampay.in/blog/solving-social-problems-through-entrepreneurship/,https://wa.me/?text=Solving%20social%20problems%20through%20Entrepreneurship%20https://fampay.in/blog/solving-social-problems-through-entrepreneurship/
https://fampay.in/blog/solving-social-problems-through-entrepreneurship/,https://www.facebook.com/sharer/sharer.php?u=https://fampay.in/blog/solving-social-problems-through-entrepreneurship/
https://fampay.in/blog/solving-social-problems-through-entrepreneurship/,https://twitter.com/intent/tweet?text=Solving%20social%20problems%20through%20Entrepreneurship&url=https://fampay.in/blog/solving-social-problems-through-entrepreneurship/
https://fampay.in/blog/tag/teenpreneurs/,https://fampay.in/blog/author/hitarth/
https://fampay.in/blog/tag/teenpreneurs/,https://fampay.in/blog/from-a-self-taught-programmer-since-age-9-to-becoming-a-ceo-at-15/
https://fampay.in/blog/from-a-self-taught-programmer-since-age-9-to-becoming-a-ceo-at-15/,https://wa.me/?text=From%20a%20self-taught%20programmer%20since%20age%209%20to%20becoming%20a%20CEO%20at%2015%20https://fampay.in/blog/from-a-self-taught-programmer-since-age-9-to-becoming-a-ceo-at-15/
https://fampay.in/blog/from-a-self-taught-programmer-since-age-9-to-becoming-a-ceo-at-15/,https://www.facebook.com/sharer/sharer.php?u=https://fampay.in/blog/from-a-self-taught-programmer-since-age-9-to-becoming-a-ceo-at-15/
https://fampay.in/blog/from-a-self-taught-programmer-since-age-9-to-becoming-a-ceo-at-15/,https://twitter.com/intent/tweet?text=From%20a%20self-taught%20programmer%20since%20age%209%20to%20becoming%20a%20CEO%20at%2015&url=https://fampay.in/blog/from-a-self-taught-programmer-since-age-9-to-becoming-a-ceo-at-15/
https://fampay.in/blog/tag/teenpreneurs/,https://fampay.in/blog/author/advait-thakur/
https://fampay.in/blog/tag/teenpreneurs/,https://fampay.in/blog/creating-protecting-our-future/
https://fampay.in/blog/creating-protecting-our-future/,https://wa.me/?text=Creating%20%26%20Protecting%20our%20%E2%80%9CFuture%E2%80%9D%20https://fampay.in/blog/creating-protecting-our-future/
https://fampay.in/blog/creating-protecting-our-future/,https://www.facebook.com/sharer/sharer.php?u=https://fampay.in/blog/creating-protecting-our-future/
https://fampay.in/blog/creating-protecting-our-future/,https://twitter.com/intent/tweet?text=Creating%20%26%20Protecting%20our%20%E2%80%9CFuture%E2%80%9D&url=https://fampay.in/blog/creating-protecting-our-future/
https://fampay.in/blog/tag/teenpreneurs/,https://fampay.in/blog/author/kavya/
https://fampay.in/blog/tag/teenpreneurs/,https://fampay.in/blog/my-journey-into-the-world-of-art/
https://fampay.in/blog/my-journey-into-the-world-of-art/,https://wa.me/?text=My%20Journey%20into%20the%20World%20of%20Art%20https://fampay.in/blog/my-journey-into-the-world-of-art/
https://fampay.in/blog/my-journey-into-the-world-of-art/,https://www.facebook.com/sharer/sharer.php?u=https://fampay.in/blog/my-journey-into-the-world-of-art/
https://fampay.in/blog/my-journey-into-the-world-of-art/,https://twitter.com/intent/tweet?text=My%20Journey%20into%20the%20World%20of%20Art&url=https://fampay.in/blog/my-journey-into-the-world-of-art/
https://fampay.in/blog/tag/teenpreneurs/,https://fampay.in/blog/author/anshika/
https://fampay.in/blog/tag/teenpreneurs/,https://fampay.in/blog/the-journey-to-my-passion/
https://fampay.in/blog/the-journey-to-my-passion/,https://wa.me/?text=The%20Journey%20to%20My%20Passion%20https://fampay.in/blog/the-journey-to-my-passion/
https://fampay.in/blog/the-journey-to-my-passion/,https://www.facebook.com/sharer/sharer.php?u=https://fampay.in/blog/the-journey-to-my-passion/
https://fampay.in/blog/the-journey-to-my-passion/,https://twitter.com/intent/tweet?text=The%20Journey%20to%20My%20Passion&url=https://fampay.in/blog/the-journey-to-my-passion/
https://fampay.in/blog/tag/teenpreneurs/,https://fampay.in/blog/author/mehak/
https://fampay.in/blog/tag/tech/,https://fampay.in/blog/how-i-blurred-age-barriers-with-technology/
https://fampay.in/blog/how-i-blurred-age-barriers-with-technology/,https://wa.me/?text=How%20I%20Blurred%20Age%20Barriers%20with%20Technology%20https://fampay.in/blog/how-i-blurred-age-barriers-with-technology/
https://fampay.in/blog/how-i-blurred-age-barriers-with-technology/,https://www.facebook.com/sharer/sharer.php?u=https://fampay.in/blog/how-i-blurred-age-barriers-with-technology/
https://fampay.in/blog/how-i-blurred-age-barriers-with-technology/,https://twitter.com/intent/tweet?text=How%20I%20Blurred%20Age%20Barriers%20with%20Technology&url=https://fampay.in/blog/how-i-blurred-age-barriers-with-technology/
https://fampay.in/blog/tag/tech/,https://fampay.in/blog/author/aadithyan/
https://fampay.in/blog,https://fampay.in/blog/how-to-clean-up-your-android-apps-dependencies-the-ultimate-guide-2/
https://fampay.in/blog/how-to-clean-up-your-android-apps-dependencies-the-ultimate-guide-2/,https://wa.me/?text=How%20to%20Clean%20Up%20Your%20Android%20App's%20Dependencies%3A%20The%20Ultimate%20Guide%20https://fampay.in/blog/how-to-clean-up-your-android-apps-dependencies-the-ultimate-guide-2/
https://fampay.in/blog/how-to-clean-up-your-android-apps-dependencies-the-ultimate-guide-2/,https://www.facebook.com/sharer/sharer.php?u=https://fampay.in/blog/how-to-clean-up-your-android-apps-dependencies-the-ultimate-guide-2/
https://fampay.in/blog/how-to-clean-up-your-android-apps-dependencies-the-ultimate-guide-2/,https://twitter.com/intent/tweet?text=How%20to%20Clean%20Up%20Your%20Android%20App's%20Dependencies%3A%20The%20Ultimate%20Guide&url=https://fampay.in/blog/how-to-clean-up-your-android-apps-dependencies-the-ultimate-guide-2/
https://fampay.in/blog,https://fampay.in/blog/author/fampay/
https://fampay.in/blog/author/fampay/,https://fampay.in/blog/author/fampay/page/2/
https://fampay.in/blog/author/fampay/page/2/,https://fampay.in/blog/author/fampay/page/3/
https://fampay.in/blog/author/fampay/page/3/,https://fampay.in/blog/author/fampay/page/4/
https://fampay.in/blog,https://fampay.in/blog/discover-fampays-engagement-service-missions-3/
https://fampay.in/blog/discover-fampays-engagement-service-missions-3/,https://wa.me/?text=Discover%20FamPay's%20Engagement%20Service%3A%20Missions%20https://fampay.in/blog/discover-fampays-engagement-service-missions-3/
https://fampay.in/blog/discover-fampays-engagement-service-missions-3/,https://www.facebook.com/sharer/sharer.php?u=https://fampay.in/blog/discover-fampays-engagement-service-missions-3/
https://fampay.in/blog/discover-fampays-engagement-service-missions-3/,https://twitter.com/intent/tweet?text=Discover%20FamPay's%20Engagement%20Service%3A%20Missions&url=https://fampay.in/blog/discover-fampays-engagement-service-missions-3/
https://fampay.in/blog,https://fampay.in/blog/implementing-an-in-memory-queue/
https://fampay.in/blog/implementing-an-in-memory-queue/,https://wa.me/?text=Implementing%20an%20In-memory%20Queue%20%F0%9F%A7%91%E2%80%8D%F0%9F%92%BB%20https://fampay.in/blog/implementing-an-in-memory-queue/
https://fampay.in/blog/implementing-an-in-memory-queue/,https://www.facebook.com/sharer/sharer.php?u=https://fampay.in/blog/implementing-an-in-memory-queue/
https://fampay.in/blog/implementing-an-in-memory-queue/,https://twitter.com/intent/tweet?text=Implementing%20an%20In-memory%20Queue%20%F0%9F%A7%91%E2%80%8D%F0%9F%92%BB&url=https://fampay.in/blog/implementing-an-in-memory-queue/
https://fampay.in/blog,https://fampay.in/blog/covid-19-vaccination-as-a-teen-a-guide/
https://fampay.in/blog/covid-19-vaccination-as-a-teen-a-guide/,https://wa.me/?text=Covid-19%20Vaccination%20for%20teens%2C%20a%20step-by-step%20guide%F0%9F%92%89%20https://fampay.in/blog/covid-19-vaccination-as-a-teen-a-guide/
https://fampay.in/blog/covid-19-vaccination-as-a-teen-a-guide/,https://www.facebook.com/sharer/sharer.php?u=https://fampay.in/blog/covid-19-vaccination-as-a-teen-a-guide/
https://fampay.in/blog/covid-19-vaccination-as-a-teen-a-guide/,https://twitter.com/intent/tweet?text=Covid-19%20Vaccination%20for%20teens%2C%20a%20step-by-step%20guide%F0%9F%92%89&url=https://fampay.in/blog/covid-19-vaccination-as-a-teen-a-guide/
https://fampay.in/blog,https://fampay.in/blog/why-vaccination-a-guide-to-vaccination-for-teens-in-india/
https://fampay.in/blog/why-vaccination-a-guide-to-vaccination-for-teens-in-india/,https://wa.me/?text=Why%20Vaccination%3F%F0%9F%92%89%20-%20A%20guide%20to%20vaccination%20for%20teens%20in%20India%20https://fampay.in/blog/why-vaccination-a-guide-to-vaccination-for-teens-in-india/
https://fampay.in/blog/why-vaccination-a-guide-to-vaccination-for-teens-in-india/,https://www.facebook.com/sharer/sharer.php?u=https://fampay.in/blog/why-vaccination-a-guide-to-vaccination-for-teens-in-india/
https://fampay.in/blog/why-vaccination-a-guide-to-vaccination-for-teens-in-india/,https://twitter.com/intent/tweet?text=Why%20Vaccination%3F%F0%9F%92%89%20-%20A%20guide%20to%20vaccination%20for%20teens%20in%20India&url=https://fampay.in/blog/why-vaccination-a-guide-to-vaccination-for-teens-in-india/
https://fampay.in/blog,https://fampay.in/blog/study-habits-that-are-simple-and-highly-effective/
https://fampay.in/blog/study-habits-that-are-simple-and-highly-effective/,https://wa.me/?text=Study%20habits%20that%20are%20simple%20and%20highly%20effective%20%F0%9F%93%9A%20https://fampay.in/blog/study-habits-that-are-simple-and-highly-effective/
https://fampay.in/blog/study-habits-that-are-simple-and-highly-effective/,https://www.facebook.com/sharer/sharer.php?u=https://fampay.in/blog/study-habits-that-are-simple-and-highly-effective/
https://fampay.in/blog/study-habits-that-are-simple-and-highly-effective/,https://twitter.com/intent/tweet?text=Study%20habits%20that%20are%20simple%20and%20highly%20effective%20%F0%9F%93%9A&url=https://fampay.in/blog/study-habits-that-are-simple-and-highly-effective/
https://fampay.in/blog,https://fampay.in/blog/how-to-save-those-extra-bucks-while-shopping/
https://fampay.in/blog/how-to-save-those-extra-bucks-while-shopping/,https://wa.me/?text=How%20to%20save%20those%20extra%20bucks%20while%20shopping%20%F0%9F%8F%AC%20https://fampay.in/blog/how-to-save-those-extra-bucks-while-shopping/
https://fampay.in/blog/how-to-save-those-extra-bucks-while-shopping/,https://www.facebook.com/sharer/sharer.php?u=https://fampay.in/blog/how-to-save-those-extra-bucks-while-shopping/
https://fampay.in/blog/how-to-save-those-extra-bucks-while-shopping/,https://twitter.com/intent/tweet?text=How%20to%20save%20those%20extra%20bucks%20while%20shopping%20%F0%9F%8F%AC&url=https://fampay.in/blog/how-to-save-those-extra-bucks-while-shopping/
https://fampay.in/blog,https://fampay.in/blog/teen-fashion-trends-that-we-love/
https://fampay.in/blog/teen-fashion-trends-that-we-love/,https://wa.me/?text=Teen%20fashion%20trends%20that%20you%20really%20don't%20want%20to%20miss%F0%9F%91%95%F0%9F%98%8D%20https://fampay.in/blog/teen-fashion-trends-that-we-love/
https://fampay.in/blog/teen-fashion-trends-that-we-love/,https://www.facebook.com/sharer/sharer.php?u=https://fampay.in/blog/teen-fashion-trends-that-we-love/
https://fampay.in/blog/teen-fashion-trends-that-we-love/,https://twitter.com/intent/tweet?text=Teen%20fashion%20trends%20that%20you%20really%20don't%20want%20to%20miss%F0%9F%91%95%F0%9F%98%8D&url=https://fampay.in/blog/teen-fashion-trends-that-we-love/
https://fampay.in/blog,https://fampay.in/blog/how-to-build-your-resume-and-portfolio-right-from-school/
https://fampay.in/blog/how-to-build-your-resume-and-portfolio-right-from-school/,https://wa.me/?text=How%20to%20build%20your%20resume%20right%20from%20school%20%F0%9F%9A%80%20https://fampay.in/blog/how-to-build-your-resume-and-portfolio-right-from-school/
https://fampay.in/blog/how-to-build-your-resume-and-portfolio-right-from-school/,https://www.facebook.com/sharer/sharer.php?u=https://fampay.in/blog/how-to-build-your-resume-and-portfolio-right-from-school/
https://fampay.in/blog/how-to-build-your-resume-and-portfolio-right-from-school/,https://twitter.com/intent/tweet?text=How%20to%20build%20your%20resume%20right%20from%20school%20%F0%9F%9A%80&url=https://fampay.in/blog/how-to-build-your-resume-and-portfolio-right-from-school/
https://fampay.in/blog,https://fampay.in/blog/productivity-hacks-for-teens-this-will-change-your-life/
https://fampay.in/blog/productivity-hacks-for-teens-this-will-change-your-life/,https://wa.me/?text=Productivity%20hacks%20for%20teens%20-%20Easy%20habits%20to%20upgrade%20your%20life%F0%9F%8E%AF%20https://fampay.in/blog/productivity-hacks-for-teens-this-will-change-your-life/
https://fampay.in/blog/productivity-hacks-for-teens-this-will-change-your-life/,https://www.facebook.com/sharer/sharer.php?u=https://fampay.in/blog/productivity-hacks-for-teens-this-will-change-your-life/
https://fampay.in/blog/productivity-hacks-for-teens-this-will-change-your-life/,https://twitter.com/intent/tweet?text=Productivity%20hacks%20for%20teens%20-%20Easy%20habits%20to%20upgrade%20your%20life%F0%9F%8E%AF&url=https://fampay.in/blog/productivity-hacks-for-teens-this-will-change-your-life/
https://fampay.in/blog,https://fampay.in/blog/page/2/
https://fampay.in/blog/page/2/,https://fampay.in/blog/page/3/
https://fampay.in/blog/page/3/,https://fampay.in/blog/page/4/
https://fampay.in/blog/page/4/,https://fampay.in/blog/page/5/
https://fampay.in/,https://fampay.in/careers
https://fampay.in/careers,https://www.instagram.com/lifeatfam/
https://fampay.in/careers,https://www.instagram.com/designatfampay/
https://fampay.in/,https://fampay.in/partner
https://fampay.in/,https://fampay.in/friends
https://fampay.in/,https://fampay.in/faqs
https://fampay.in/,https://fampay.in/blog/
https://fampay.in/,https://fampay.in/press
https://fampay.in/,https://fampay.in/privacy
https://fampay.in/,https://fampay.in/terms
https://fampay.in/,https://fampay.in/contact
https://fampay.in/,https://www.facebook.com/fampay.in/
https://fampay.in/,https://www.instagram.com/fampay.in/
https://fampay.in/,https://www.linkedin.com/company/fampay/
