APK Link,APK Path,Download Status
https://www.apkmirror.com/apk/fampay/fampay-prepaid-card-payments-for-teenagers/3-1-7-release/fampay-teen-upi-payment-app-3-1-7-android-apk-download/,,failure
https://www.apkmirror.com/apk/fampay/fampay-prepaid-card-payments-for-teenagers/3-2-1-release/fampay-teen-upi-payment-app-3-2-1-android-apk-download/,c:\Users\Harsh Clean\Desktop\Dev Drive\Fampay-In-Depth-Analysis\Warehouse\apks\?key=313bc935571508b51608b5ef936ed28db74d3902&forcebaseapk=true.apk,
https://www.apkmirror.com/apk/fampay/fampay-prepaid-card-payments-for-teenagers/3-1-6-release/fampay-teen-upi-payment-app-3-1-6-android-apk-download/,,failure
https://www.apkmirror.com/apk/fampay/fampay-prepaid-card-payments-for-teenagers/3-1-1-release/fampay-teen-upi-payment-app-3-1-1-android-apk-download/,c:\Users\Harsh Clean\Desktop\Dev Drive\Fampay-In-Depth-Analysis\Warehouse\apks\?key=7208d4ccd6a76ba30ae2b9b468e76a0a5ce4ed42.apk,
https://www.apkmirror.com/apk/fampay/fampay-prepaid-card-payments-for-teenagers/3-0-2-release/fampay-teen-upi-payment-app-3-0-2-android-apk-download/,c:\Users\Harsh Clean\Desktop\Dev Drive\Fampay-In-Depth-Analysis\Warehouse\apks\?key=224d1c1c8cbfd042495cb9f8631cbb28cae39039.apk,
https://www.apkmirror.com/apk/fampay/fampay-prepaid-card-payments-for-teenagers/3-0-1-release/fampay-teen-upi-payment-app-3-0-1-android-apk-download/,c:\Users\Harsh Clean\Desktop\Dev Drive\Fampay-In-Depth-Analysis\Warehouse\apks\?key=db5905bf28cff69c20e077b810f7e9ef4dd60947&forcebaseapk=true.apk,
https://www.apkmirror.com/apk/fampay/fampay-prepaid-card-payments-for-teenagers/2-9-9-release/fampay-teen-upi-payment-app-2-9-9-android-apk-download/,c:\Users\Harsh Clean\Desktop\Dev Drive\Fampay-In-Depth-Analysis\Warehouse\apks\?key=577ced3963daeb288aece6719b07d61fc26f18ad.apk,
https://www.apkmirror.com/apk/fampay/fampay-prepaid-card-payments-for-teenagers/2-9-8-release/fampay-teen-upi-payment-app-2-9-8-android-apk-download/,c:\Users\Harsh Clean\Desktop\Dev Drive\Fampay-In-Depth-Analysis\Warehouse\apks\?key=00d5acdea84e3e2205e3a1d635b749ccc2a8be05&forcebaseapk=true.apk,
https://www.apkmirror.com/apk/fampay/fampay-prepaid-card-payments-for-teenagers/2-9-7-release/fampay-teen-upi-payment-app-2-9-7-android-apk-download/,c:\Users\Harsh Clean\Desktop\Dev Drive\Fampay-In-Depth-Analysis\Warehouse\apks\?key=4ebd3135752c02a51931af57a4bb26775b8f5258&forcebaseapk=true.apk,
https://www.apkmirror.com/apk/fampay/fampay-prepaid-card-payments-for-teenagers/2-9-6-release/fampay-teen-upi-payment-app-2-9-6-android-apk-download/,c:\Users\Harsh Clean\Desktop\Dev Drive\Fampay-In-Depth-Analysis\Warehouse\apks\?key=bdc9d270777f967eba42cea12285167f36fcb293&forcebaseapk=true.apk,
https://www.apkmirror.com/apk/fampay/fampay-prepaid-card-payments-for-teenagers/2-9-3-release/fampay-teen-upi-payment-app-2-9-3-android-apk-download/,c:\Users\Harsh Clean\Desktop\Dev Drive\Fampay-In-Depth-Analysis\Warehouse\apks\?key=483a85fdd5b558d62bcd76893ede3e0e05131c34.apk,
https://www.apkmirror.com/apk/fampay/fampay-prepaid-card-payments-for-teenagers/2-9-2-release/fampay-teen-upi-payment-app-2-9-2-android-apk-download/,c:\Users\Harsh Clean\Desktop\Dev Drive\Fampay-In-Depth-Analysis\Warehouse\apks\?key=e77dd64ec7c386f84f2a5825168ad2833d620887.apk,
https://www.apkmirror.com/apk/fampay/fampay-prepaid-card-payments-for-teenagers/2-9-1-release/fampay-teen-upi-payment-app-2-9-1-android-apk-download/,c:\Users\Harsh Clean\Desktop\Dev Drive\Fampay-In-Depth-Analysis\Warehouse\apks\?key=dbed56ffeed55658f806ab9ddbf5c8c1e4063257.apk,
https://www.apkmirror.com/apk/fampay/fampay-prepaid-card-payments-for-teenagers/2-9-0-release/fampay-teen-upi-payment-app-2-9-0-android-apk-download/,c:\Users\Harsh Clean\Desktop\Dev Drive\Fampay-In-Depth-Analysis\Warehouse\apks\?key=e608dec1123eb668d9cee19274d2c8f236b5f5a8&forcebaseapk=true.apk,
https://www.apkmirror.com/apk/fampay/fampay-prepaid-card-payments-for-teenagers/2-8-9-release/fampay-teen-upi-payment-app-2-8-9-android-apk-download/,c:\Users\Harsh Clean\Desktop\Dev Drive\Fampay-In-Depth-Analysis\Warehouse\apks\?key=1d7e91e1bb83ad9d7acd7f11674ac947108f334f&forcebaseapk=true.apk,
https://www.apkmirror.com/apk/fampay/fampay-prepaid-card-payments-for-teenagers/2-8-7-release/fampay-teen-upi-payment-app-2-8-7-android-apk-download/,c:\Users\Harsh Clean\Desktop\Dev Drive\Fampay-In-Depth-Analysis\Warehouse\apks\?key=f661e896828becfdd55ce3b34162f9f547d0f1b7&forcebaseapk=true.apk,
https://www.apkmirror.com/apk/fampay/fampay-prepaid-card-payments-for-teenagers/2-8-5-release/fampay-teen-upi-payment-app-2-8-5-android-apk-download/,c:\Users\Harsh Clean\Desktop\Dev Drive\Fampay-In-Depth-Analysis\Warehouse\apks\?key=6d65f4cbc26e95241eb7bbf2d52cce205b860314&forcebaseapk=true.apk,
https://www.apkmirror.com/apk/fampay/fampay-prepaid-card-payments-for-teenagers/2-8-4-release/fampay-teen-upi-payment-app-2-8-4-android-apk-download/,c:\Users\Harsh Clean\Desktop\Dev Drive\Fampay-In-Depth-Analysis\Warehouse\apks\?key=0172cdc7b20abe8277f7dbe7f05cc546b19a2246&forcebaseapk=true.apk,
https://www.apkmirror.com/apk/fampay/fampay-prepaid-card-payments-for-teenagers/2-8-3-release/fampay-teen-upi-payment-app-2-8-3-android-apk-download/,c:\Users\Harsh Clean\Desktop\Dev Drive\Fampay-In-Depth-Analysis\Warehouse\apks\?key=60a7ae80012fbca4cfec7d2d21957c1fe14841cb.apk,
https://www.apkmirror.com/apk/fampay/fampay-prepaid-card-payments-for-teenagers/2-8-1-release/fampay-teen-upi-payment-app-2-8-1-android-apk-download/,c:\Users\Harsh Clean\Desktop\Dev Drive\Fampay-In-Depth-Analysis\Warehouse\apks\?key=134151a1c12bf0302e46474553b5d6c82988271e.apk,
https://www.apkmirror.com/apk/fampay/fampay-prepaid-card-payments-for-teenagers/2-2-7-release/fampay-teen-upi-payment-app-2-2-7-android-apk-download/,c:\Users\Harsh Clean\Desktop\Dev Drive\Fampay-In-Depth-Analysis\Warehouse\apks\?key=e4ceef509fe62fd0000526829bb2d05519a3834d&forcebaseapk=true.apk,
https://www.apkmirror.com/apk/fampay/fampay-prepaid-card-payments-for-teenagers/2-2-3-release/fampay-teen-upi-payment-app-2-2-3-android-apk-download/,c:\Users\Harsh Clean\Desktop\Dev Drive\Fampay-In-Depth-Analysis\Warehouse\apks\?key=87b7d0a21908a1c938f5e46f40842b5d93d4245a&forcebaseapk=true.apk,
https://www.apkmirror.com/apk/fampay/fampay-prepaid-card-payments-for-teenagers/2-1-7-release/fampay-teen-upi-payment-app-2-1-7-android-apk-download/,c:\Users\Harsh Clean\Desktop\Dev Drive\Fampay-In-Depth-Analysis\Warehouse\apks\?key=8501bedce845e6d3c85ff50f9ab2a47401445a66&forcebaseapk=true.apk,
https://www.apkmirror.com/apk/fampay/fampay-prepaid-card-payments-for-teenagers/2-1-6-release/fampay-teen-upi-payment-app-2-1-6-android-apk-download/,c:\Users\Harsh Clean\Desktop\Dev Drive\Fampay-In-Depth-Analysis\Warehouse\apks\?key=59adedae2828d4e8aed042044654493af678b744&forcebaseapk=true.apk,
https://www.apkmirror.com/apk/fampay/fampay-prepaid-card-payments-for-teenagers/2-1-4-release/fampay-teen-upi-payment-app-2-1-4-android-apk-download/,,failure
https://www.apkmirror.com/apk/fampay/fampay-prepaid-card-payments-for-teenagers/2-1-2-release/fampay-teen-upi-payment-app-2-1-2-android-apk-download/,,failure
https://www.apkmirror.com/apk/fampay/fampay-prepaid-card-payments-for-teenagers/2-0-8-release/fampay-teen-upi-payment-app-2-0-8-android-apk-download/,,failure
https://www.apkmirror.com/apk/fampay/fampay-prepaid-card-payments-for-teenagers/2-0-7-release/fampay-teen-upi-payment-app-2-0-7-android-apk-download/,,failure
https://www.apkmirror.com/apk/fampay/fampay-prepaid-card-payments-for-teenagers/2-0-6-release/fampay-teen-upi-payment-app-2-0-6-android-apk-download/,,failure
https://www.apkmirror.com/apk/fampay/fampay-prepaid-card-payments-for-teenagers/2-0-4-release/fampay-teen-upi-payment-app-2-0-4-android-apk-download/,,failure
https://www.apkmirror.com/apk/fampay/fampay-prepaid-card-payments-for-teenagers/2-0-3-release/fampay-teen-upi-payment-app-2-0-3-android-apk-download/,,failure
https://www.apkmirror.com/apk/fampay/fampay-prepaid-card-payments-for-teenagers/2-0-2-release/fampay-teen-upi-payment-app-2-0-2-android-apk-download/,,failure
https://www.apkmirror.com/apk/fampay/fampay-prepaid-card-payments-for-teenagers/2-0-0-release/fampay-teen-upi-payment-app-2-0-0-android-apk-download/,,failure
https://www.apkmirror.com/apk/fampay/fampay-prepaid-card-payments-for-teenagers/1-9-9-release/fampay-teen-upi-payment-app-1-9-9-android-apk-download/,,failure
https://www.apkmirror.com/apk/fampay/fampay-prepaid-card-payments-for-teenagers/1-9-7-release/fampay-teen-upi-payment-app-1-9-7-android-apk-download/,,failure
https://www.apkmirror.com/apk/fampay/fampay-prepaid-card-payments-for-teenagers/1-9-4-release/fampay-teen-upi-payment-app-1-9-4-android-apk-download/,,failure
https://www.apkmirror.com/apk/fampay/fampay-prepaid-card-payments-for-teenagers/1-9-0-release/fampay-teen-upi-payment-app-1-9-0-android-apk-download/,,failure
https://www.apkmirror.com/apk/fampay/fampay-prepaid-card-payments-for-teenagers/1-8-9-release/fampay-teen-upi-payment-app-1-8-9-android-apk-download/,,failure
https://www.apkmirror.com/apk/fampay/fampay-prepaid-card-payments-for-teenagers/1-8-8-release/fampay-teen-upi-payment-app-1-8-8-android-apk-download/,,failure
https://www.apkmirror.com/apk/fampay/fampay-prepaid-card-payments-for-teenagers/1-8-7-release/fampay-teen-upi-payment-app-1-8-7-android-apk-download/,,failure
https://www.apkmirror.com/apk/fampay/fampay-prepaid-card-payments-for-teenagers/1-8-6-release/fampay-teen-upi-payment-app-1-8-6-android-apk-download/,,failure
https://www.apkmirror.com/apk/fampay/fampay-prepaid-card-payments-for-teenagers/1-8-5-release/fampay-teen-upi-payment-app-1-8-5-android-apk-download/,,failure
https://www.apkmirror.com/apk/fampay/fampay-prepaid-card-payments-for-teenagers/1-8-3-release/fampay-teen-upi-payment-app-1-8-3-android-apk-download/,,failure
https://www.apkmirror.com/apk/fampay/fampay-prepaid-card-payments-for-teenagers/1-8-1-release/fampay-teen-upi-payment-app-1-8-1-android-apk-download/,,failure
https://www.apkmirror.com/apk/fampay/fampay-prepaid-card-payments-for-teenagers/1-7-8-release/fampay-teen-upi-payment-app-1-7-8-android-apk-download/,,failure
https://www.apkmirror.com/apk/fampay/fampay-prepaid-card-payments-for-teenagers/1-7-7-release/fampay-teen-upi-payment-app-1-7-7-android-apk-download/,,failure
https://www.apkmirror.com/apk/fampay/fampay-prepaid-card-payments-for-teenagers/1-7-5-release/fampay-teen-upi-payment-app-1-7-5-android-apk-download/,,failure
https://www.apkmirror.com/apk/fampay/fampay-prepaid-card-payments-for-teenagers/1-7-4-release/fampay-teen-upi-payment-app-1-7-4-android-apk-download/,,failure
https://www.apkmirror.com/apk/fampay/fampay-prepaid-card-payments-for-teenagers/1-7-3-release/fampay-teen-upi-payment-app-1-7-3-android-apk-download/,,failure
https://www.apkmirror.com/apk/fampay/fampay-prepaid-card-payments-for-teenagers/1-7-2-release/fampay-teen-upi-payment-app-1-7-2-android-apk-download/,,failure
https://www.apkmirror.com/apk/fampay/fampay-prepaid-card-payments-for-teenagers/1-7-1-release/fampay-teen-upi-payment-app-1-7-1-android-apk-download/,,failure
https://www.apkmirror.com/apk/fampay/fampay-prepaid-card-payments-for-teenagers/1-6-9-release/fampay-teen-upi-payment-app-1-6-9-android-apk-download/,,failure
https://www.apkmirror.com/apk/fampay/fampay-prepaid-card-payments-for-teenagers/1-6-8-release/fampay-teen-upi-payment-app-1-6-8-android-apk-download/,,failure
https://www.apkmirror.com/apk/fampay/fampay-prepaid-card-payments-for-teenagers/1-6-7-release/fampay-teen-upi-payment-app-1-6-7-android-apk-download/,,failure
https://www.apkmirror.com/apk/fampay/fampay-prepaid-card-payments-for-teenagers/1-6-6-release/fampay-teen-upi-payment-app-1-6-6-android-apk-download/,,failure
https://www.apkmirror.com/apk/fampay/fampay-prepaid-card-payments-for-teenagers/1-6-2-release/fampay-teen-upi-payment-app-1-6-2-android-apk-download/,,failure
https://www.apkmirror.com/apk/fampay/fampay-prepaid-card-payments-for-teenagers/1-6-1-release/fampay-teen-upi-payment-app-1-6-1-android-apk-download/,,failure
https://www.apkmirror.com/apk/fampay/fampay-prepaid-card-payments-for-teenagers/1-5-9-release/fampay-teen-upi-payment-app-1-5-9-android-apk-download/,,failure
https://www.apkmirror.com/apk/fampay/fampay-prepaid-card-payments-for-teenagers/1-5-8-release/fampay-teen-upi-payment-app-1-5-8-android-apk-download/,,failure
https://www.apkmirror.com/apk/fampay/fampay-prepaid-card-payments-for-teenagers/1-5-6-release/fampay-teen-upi-payment-app-1-5-6-android-apk-download/,,failure
