App Title,Developer,Upload Date,App Link,APK Link
FamApp: Spend with UPI & Card 3.2.6,by FamPay,,https://www.apkmirror.com/apk/fampay/fampay-prepaid-card-payments-for-teenagers/fampay-prepaid-card-payments-for-teenagers-3-2-6-release/,https://www.apkmirror.com/apk/fampay/fampay-prepaid-card-payments-for-teenagers/3-2-6-release/fampay-teen-upi-payment-app-3-2-6-android-apk-download/
FamApp: Spend with UPI & Card 3.2.5,by FamPay,,https://www.apkmirror.com/apk/fampay/fampay-prepaid-card-payments-for-teenagers/fampay-prepaid-card-payments-for-teenagers-3-2-5-release/,https://www.apkmirror.com/apk/fampay/fampay-prepaid-card-payments-for-teenagers/3-2-5-release/fampay-teen-upi-payment-app-3-2-5-android-apk-download/
FamApp: Spend with UPI & Card 3.2.4,by FamPay,,https://www.apkmirror.com/apk/fampay/fampay-prepaid-card-payments-for-teenagers/fampay-prepaid-card-payments-for-teenagers-3-2-4-release/,https://www.apkmirror.com/apk/fampay/fampay-prepaid-card-payments-for-teenagers/3-2-4-release/fampay-teen-upi-payment-app-3-2-4-android-apk-download/
FamApp: Spend with UPI & Card 3.2.3,by FamPay,,https://www.apkmirror.com/apk/fampay/fampay-prepaid-card-payments-for-teenagers/fampay-prepaid-card-payments-for-teenagers-3-2-3-release/,https://www.apkmirror.com/apk/fampay/fampay-prepaid-card-payments-for-teenagers/3-2-3-release/fampay-teen-upi-payment-app-3-2-3-android-apk-download/
FamApp: Spend with UPI & Card 3.2.2,by FamPay,,https://www.apkmirror.com/apk/fampay/fampay-prepaid-card-payments-for-teenagers/fampay-prepaid-card-payments-for-teenagers-3-2-2-release/,https://www.apkmirror.com/apk/fampay/fampay-prepaid-card-payments-for-teenagers/3-2-2-release/fampay-teen-upi-payment-app-3-2-2-android-apk-download/
FamApp: Spend with UPI & Card 3.1.7-famx,by FamPay,,https://www.apkmirror.com/apk/fampay/fampay-prepaid-card-payments-for-teenagers/fampay-prepaid-card-payments-for-teenagers-3-1-7-famx-release/,https://www.apkmirror.com/apk/fampay/fampay-prepaid-card-payments-for-teenagers/3-1-7-release/fampay-teen-upi-payment-app-3-1-7-android-apk-download/
FamApp: Spend with UPI & Card 3.2.1,by FamPay,,https://www.apkmirror.com/apk/fampay/fampay-prepaid-card-payments-for-teenagers/fampay-prepaid-card-payments-for-teenagers-3-2-1-release/,https://www.apkmirror.com/apk/fampay/fampay-prepaid-card-payments-for-teenagers/3-2-1-release/fampay-teen-upi-payment-app-3-2-1-android-apk-download/
FamApp: Spend with UPI & Card 3.1.6-famx,by FamPay,,https://www.apkmirror.com/apk/fampay/fampay-prepaid-card-payments-for-teenagers/fampay-prepaid-card-payments-for-teenagers-3-1-6-famx-release/,https://www.apkmirror.com/apk/fampay/fampay-prepaid-card-payments-for-teenagers/3-1-6-release/fampay-teen-upi-payment-app-3-1-6-android-apk-download/
FamApp: Spend with UPI & Card 3.1.1,by FamPay,,https://www.apkmirror.com/apk/fampay/fampay-prepaid-card-payments-for-teenagers/fampay-prepaid-card-payments-for-teenagers-3-1-1-release/,https://www.apkmirror.com/apk/fampay/fampay-prepaid-card-payments-for-teenagers/3-1-1-release/fampay-teen-upi-payment-app-3-1-1-android-apk-download/
FamApp: Spend with UPI & Card 3.0.2,by FamPay,,https://www.apkmirror.com/apk/fampay/fampay-prepaid-card-payments-for-teenagers/fampay-prepaid-card-payments-for-teenagers-3-0-2-release/,https://www.apkmirror.com/apk/fampay/fampay-prepaid-card-payments-for-teenagers/3-0-2-release/fampay-teen-upi-payment-app-3-0-2-android-apk-download/
FamApp: Spend with UPI & Card 3.0.1,by FamPay,,https://www.apkmirror.com/apk/fampay/fampay-prepaid-card-payments-for-teenagers/fampay-prepaid-card-payments-for-teenagers-3-0-1-release/,https://www.apkmirror.com/apk/fampay/fampay-prepaid-card-payments-for-teenagers/3-0-1-release/fampay-teen-upi-payment-app-3-0-1-android-apk-download/
FamApp: Spend with UPI & Card 2.9.9,by FamPay,,https://www.apkmirror.com/apk/fampay/fampay-prepaid-card-payments-for-teenagers/fampay-prepaid-card-payments-for-teenagers-2-9-9-release/,https://www.apkmirror.com/apk/fampay/fampay-prepaid-card-payments-for-teenagers/2-9-9-release/fampay-teen-upi-payment-app-2-9-9-android-apk-download/
FamApp: Spend with UPI & Card 2.9.8,by FamPay,,https://www.apkmirror.com/apk/fampay/fampay-prepaid-card-payments-for-teenagers/fampay-prepaid-card-payments-for-teenagers-2-9-8-release/,https://www.apkmirror.com/apk/fampay/fampay-prepaid-card-payments-for-teenagers/2-9-8-release/fampay-teen-upi-payment-app-2-9-8-android-apk-download/
FamApp: Spend with UPI & Card 2.9.7,by FamPay,,https://www.apkmirror.com/apk/fampay/fampay-prepaid-card-payments-for-teenagers/fampay-prepaid-card-payments-for-teenagers-2-9-7-release/,https://www.apkmirror.com/apk/fampay/fampay-prepaid-card-payments-for-teenagers/2-9-7-release/fampay-teen-upi-payment-app-2-9-7-android-apk-download/
FamApp: Spend with UPI & Card 2.9.6,by FamPay,,https://www.apkmirror.com/apk/fampay/fampay-prepaid-card-payments-for-teenagers/fampay-prepaid-card-payments-for-teenagers-2-9-6-release/,https://www.apkmirror.com/apk/fampay/fampay-prepaid-card-payments-for-teenagers/2-9-6-release/fampay-teen-upi-payment-app-2-9-6-android-apk-download/
FamApp: Spend with UPI & Card 2.9.3,by FamPay,,https://www.apkmirror.com/apk/fampay/fampay-prepaid-card-payments-for-teenagers/fampay-prepaid-card-payments-for-teenagers-2-9-3-release/,https://www.apkmirror.com/apk/fampay/fampay-prepaid-card-payments-for-teenagers/2-9-3-release/fampay-teen-upi-payment-app-2-9-3-android-apk-download/
FamApp: Spend with UPI & Card 2.9.2,by FamPay,,https://www.apkmirror.com/apk/fampay/fampay-prepaid-card-payments-for-teenagers/fampay-prepaid-card-payments-for-teenagers-2-9-2-release/,https://www.apkmirror.com/apk/fampay/fampay-prepaid-card-payments-for-teenagers/2-9-2-release/fampay-teen-upi-payment-app-2-9-2-android-apk-download/
FamApp: Spend with UPI & Card 2.9.1,by FamPay,,https://www.apkmirror.com/apk/fampay/fampay-prepaid-card-payments-for-teenagers/fampay-prepaid-card-payments-for-teenagers-2-9-1-release/,https://www.apkmirror.com/apk/fampay/fampay-prepaid-card-payments-for-teenagers/2-9-1-release/fampay-teen-upi-payment-app-2-9-1-android-apk-download/
FamApp: Spend with UPI & Card 2.9.0,by FamPay,,https://www.apkmirror.com/apk/fampay/fampay-prepaid-card-payments-for-teenagers/fampay-prepaid-card-payments-for-teenagers-2-9-0-release/,https://www.apkmirror.com/apk/fampay/fampay-prepaid-card-payments-for-teenagers/2-9-0-release/fampay-teen-upi-payment-app-2-9-0-android-apk-download/
FamApp: Spend with UPI & Card 2.8.9,by FamPay,,https://www.apkmirror.com/apk/fampay/fampay-prepaid-card-payments-for-teenagers/fampay-prepaid-card-payments-for-teenagers-2-8-9-release/,https://www.apkmirror.com/apk/fampay/fampay-prepaid-card-payments-for-teenagers/2-8-9-release/fampay-teen-upi-payment-app-2-8-9-android-apk-download/
FamApp: Spend with UPI & Card 2.8.7,by FamPay,,https://www.apkmirror.com/apk/fampay/fampay-prepaid-card-payments-for-teenagers/fampay-prepaid-card-payments-for-teenagers-2-8-7-release/,https://www.apkmirror.com/apk/fampay/fampay-prepaid-card-payments-for-teenagers/2-8-7-release/fampay-teen-upi-payment-app-2-8-7-android-apk-download/
FamApp: Spend with UPI & Card 2.8.5,by FamPay,,https://www.apkmirror.com/apk/fampay/fampay-prepaid-card-payments-for-teenagers/fampay-prepaid-card-payments-for-teenagers-2-8-5-release/,https://www.apkmirror.com/apk/fampay/fampay-prepaid-card-payments-for-teenagers/2-8-5-release/fampay-teen-upi-payment-app-2-8-5-android-apk-download/
FamApp: Spend with UPI & Card 2.8.4,by FamPay,,https://www.apkmirror.com/apk/fampay/fampay-prepaid-card-payments-for-teenagers/fampay-prepaid-card-payments-for-teenagers-2-8-4-release/,https://www.apkmirror.com/apk/fampay/fampay-prepaid-card-payments-for-teenagers/2-8-4-release/fampay-teen-upi-payment-app-2-8-4-android-apk-download/
FamApp: Spend with UPI & Card 2.8.3,by FamPay,,https://www.apkmirror.com/apk/fampay/fampay-prepaid-card-payments-for-teenagers/fampay-prepaid-card-payments-for-teenagers-2-8-3-release/,https://www.apkmirror.com/apk/fampay/fampay-prepaid-card-payments-for-teenagers/2-8-3-release/fampay-teen-upi-payment-app-2-8-3-android-apk-download/
FamApp: Spend with UPI & Card 2.8.1,by FamPay,,https://www.apkmirror.com/apk/fampay/fampay-prepaid-card-payments-for-teenagers/fampay-prepaid-card-payments-for-teenagers-2-8-1-release/,https://www.apkmirror.com/apk/fampay/fampay-prepaid-card-payments-for-teenagers/2-8-1-release/fampay-teen-upi-payment-app-2-8-1-android-apk-download/
FamApp: Spend with UPI & Card 2.2.7,by FamPay,,https://www.apkmirror.com/apk/fampay/fampay-prepaid-card-payments-for-teenagers/fampay-prepaid-card-payments-for-teenagers-2-2-7-release/,https://www.apkmirror.com/apk/fampay/fampay-prepaid-card-payments-for-teenagers/2-2-7-release/fampay-teen-upi-payment-app-2-2-7-android-apk-download/
FamApp: Spend with UPI & Card 2.2.3,by FamPay,,https://www.apkmirror.com/apk/fampay/fampay-prepaid-card-payments-for-teenagers/fampay-prepaid-card-payments-for-teenagers-2-2-3-release/,https://www.apkmirror.com/apk/fampay/fampay-prepaid-card-payments-for-teenagers/2-2-3-release/fampay-teen-upi-payment-app-2-2-3-android-apk-download/
FamApp: Spend with UPI & Card 2.1.7,by FamPay,,https://www.apkmirror.com/apk/fampay/fampay-prepaid-card-payments-for-teenagers/fampay-prepaid-card-payments-for-teenagers-2-1-7-release/,https://www.apkmirror.com/apk/fampay/fampay-prepaid-card-payments-for-teenagers/2-1-7-release/fampay-teen-upi-payment-app-2-1-7-android-apk-download/
FamApp: Spend with UPI & Card 2.1.6,by FamPay,,https://www.apkmirror.com/apk/fampay/fampay-prepaid-card-payments-for-teenagers/fampay-prepaid-card-payments-for-teenagers-2-1-6-release/,https://www.apkmirror.com/apk/fampay/fampay-prepaid-card-payments-for-teenagers/2-1-6-release/fampay-teen-upi-payment-app-2-1-6-android-apk-download/
FamApp: Spend with UPI & Card 2.1.4,by FamPay,,https://www.apkmirror.com/apk/fampay/fampay-prepaid-card-payments-for-teenagers/fampay-prepaid-card-payments-for-teenagers-2-1-4-release/,https://www.apkmirror.com/apk/fampay/fampay-prepaid-card-payments-for-teenagers/2-1-4-release/fampay-teen-upi-payment-app-2-1-4-android-apk-download/
FamApp: Spend with UPI & Card 2.1.2,by FamPay,,https://www.apkmirror.com/apk/fampay/fampay-prepaid-card-payments-for-teenagers/fampay-prepaid-card-payments-for-teenagers-2-1-2-release/,https://www.apkmirror.com/apk/fampay/fampay-prepaid-card-payments-for-teenagers/2-1-2-release/fampay-teen-upi-payment-app-2-1-2-android-apk-download/
FamApp: Spend with UPI & Card 2.0.8,by FamPay,,https://www.apkmirror.com/apk/fampay/fampay-prepaid-card-payments-for-teenagers/fampay-prepaid-card-payments-for-teenagers-2-0-8-release/,https://www.apkmirror.com/apk/fampay/fampay-prepaid-card-payments-for-teenagers/2-0-8-release/fampay-teen-upi-payment-app-2-0-8-android-apk-download/
FamApp: Spend with UPI & Card 2.0.7,by FamPay,,https://www.apkmirror.com/apk/fampay/fampay-prepaid-card-payments-for-teenagers/fampay-prepaid-card-payments-for-teenagers-2-0-7-release/,https://www.apkmirror.com/apk/fampay/fampay-prepaid-card-payments-for-teenagers/2-0-7-release/fampay-teen-upi-payment-app-2-0-7-android-apk-download/
FamApp: Spend with UPI & Card 2.0.6,by FamPay,,https://www.apkmirror.com/apk/fampay/fampay-prepaid-card-payments-for-teenagers/fampay-prepaid-card-payments-for-teenagers-2-0-6-release/,https://www.apkmirror.com/apk/fampay/fampay-prepaid-card-payments-for-teenagers/2-0-6-release/fampay-teen-upi-payment-app-2-0-6-android-apk-download/
FamApp: Spend with UPI & Card 2.0.4,by FamPay,,https://www.apkmirror.com/apk/fampay/fampay-prepaid-card-payments-for-teenagers/fampay-prepaid-card-payments-for-teenagers-2-0-4-release/,https://www.apkmirror.com/apk/fampay/fampay-prepaid-card-payments-for-teenagers/2-0-4-release/fampay-teen-upi-payment-app-2-0-4-android-apk-download/
FamApp: Spend with UPI & Card 2.0.3,by FamPay,,https://www.apkmirror.com/apk/fampay/fampay-prepaid-card-payments-for-teenagers/fampay-prepaid-card-payments-for-teenagers-2-0-3-release/,https://www.apkmirror.com/apk/fampay/fampay-prepaid-card-payments-for-teenagers/2-0-3-release/fampay-teen-upi-payment-app-2-0-3-android-apk-download/
FamApp: Spend with UPI & Card 2.0.2,by FamPay,,https://www.apkmirror.com/apk/fampay/fampay-prepaid-card-payments-for-teenagers/fampay-prepaid-card-payments-for-teenagers-2-0-2-release/,https://www.apkmirror.com/apk/fampay/fampay-prepaid-card-payments-for-teenagers/2-0-2-release/fampay-teen-upi-payment-app-2-0-2-android-apk-download/
FamApp: Spend with UPI & Card 2.0.0,by FamPay,,https://www.apkmirror.com/apk/fampay/fampay-prepaid-card-payments-for-teenagers/fampay-prepaid-card-payments-for-teenagers-2-0-0-release/,https://www.apkmirror.com/apk/fampay/fampay-prepaid-card-payments-for-teenagers/2-0-0-release/fampay-teen-upi-payment-app-2-0-0-android-apk-download/
FamApp: Spend with UPI & Card 1.9.9,by FamPay,,https://www.apkmirror.com/apk/fampay/fampay-prepaid-card-payments-for-teenagers/fampay-prepaid-card-payments-for-teenagers-1-9-9-release/,https://www.apkmirror.com/apk/fampay/fampay-prepaid-card-payments-for-teenagers/1-9-9-release/fampay-teen-upi-payment-app-1-9-9-android-apk-download/
FamApp: Spend with UPI & Card 1.9.7,by FamPay,,https://www.apkmirror.com/apk/fampay/fampay-prepaid-card-payments-for-teenagers/fampay-prepaid-card-payments-for-teenagers-1-9-7-release/,https://www.apkmirror.com/apk/fampay/fampay-prepaid-card-payments-for-teenagers/1-9-7-release/fampay-teen-upi-payment-app-1-9-7-android-apk-download/
FamApp: Spend with UPI & Card 1.9.4,by FamPay,,https://www.apkmirror.com/apk/fampay/fampay-prepaid-card-payments-for-teenagers/fampay-prepaid-card-payments-for-teenagers-1-9-4-release/,https://www.apkmirror.com/apk/fampay/fampay-prepaid-card-payments-for-teenagers/1-9-4-release/fampay-teen-upi-payment-app-1-9-4-android-apk-download/
FamApp: Spend with UPI & Card 1.9.0,by FamPay,,https://www.apkmirror.com/apk/fampay/fampay-prepaid-card-payments-for-teenagers/fampay-prepaid-card-payments-for-teenagers-1-9-0-release/,https://www.apkmirror.com/apk/fampay/fampay-prepaid-card-payments-for-teenagers/1-9-0-release/fampay-teen-upi-payment-app-1-9-0-android-apk-download/
FamApp: Spend with UPI & Card 1.8.9,by FamPay,,https://www.apkmirror.com/apk/fampay/fampay-prepaid-card-payments-for-teenagers/fampay-prepaid-card-payments-for-teenagers-1-8-9-release/,https://www.apkmirror.com/apk/fampay/fampay-prepaid-card-payments-for-teenagers/1-8-9-release/fampay-teen-upi-payment-app-1-8-9-android-apk-download/
FamApp: Spend with UPI & Card 1.8.8,by FamPay,,https://www.apkmirror.com/apk/fampay/fampay-prepaid-card-payments-for-teenagers/fampay-prepaid-card-payments-for-teenagers-1-8-8-release/,https://www.apkmirror.com/apk/fampay/fampay-prepaid-card-payments-for-teenagers/1-8-8-release/fampay-teen-upi-payment-app-1-8-8-android-apk-download/
FamApp: Spend with UPI & Card 1.8.7,by FamPay,,https://www.apkmirror.com/apk/fampay/fampay-prepaid-card-payments-for-teenagers/fampay-prepaid-card-payments-for-teenagers-1-8-7-release/,https://www.apkmirror.com/apk/fampay/fampay-prepaid-card-payments-for-teenagers/1-8-7-release/fampay-teen-upi-payment-app-1-8-7-android-apk-download/
FamApp: Spend with UPI & Card 1.8.6,by FamPay,,https://www.apkmirror.com/apk/fampay/fampay-prepaid-card-payments-for-teenagers/fampay-prepaid-card-payments-for-teenagers-1-8-6-release/,https://www.apkmirror.com/apk/fampay/fampay-prepaid-card-payments-for-teenagers/1-8-6-release/fampay-teen-upi-payment-app-1-8-6-android-apk-download/
FamApp: Spend with UPI & Card 1.8.5,by FamPay,,https://www.apkmirror.com/apk/fampay/fampay-prepaid-card-payments-for-teenagers/fampay-prepaid-card-payments-for-teenagers-1-8-5-release/,https://www.apkmirror.com/apk/fampay/fampay-prepaid-card-payments-for-teenagers/1-8-5-release/fampay-teen-upi-payment-app-1-8-5-android-apk-download/
FamApp: Spend with UPI & Card 1.8.3,by FamPay,,https://www.apkmirror.com/apk/fampay/fampay-prepaid-card-payments-for-teenagers/fampay-prepaid-card-payments-for-teenagers-1-8-3-release/,https://www.apkmirror.com/apk/fampay/fampay-prepaid-card-payments-for-teenagers/1-8-3-release/fampay-teen-upi-payment-app-1-8-3-android-apk-download/
FamApp: Spend with UPI & Card 1.8.1,by FamPay,,https://www.apkmirror.com/apk/fampay/fampay-prepaid-card-payments-for-teenagers/fampay-prepaid-card-payments-for-teenagers-1-8-1-release/,https://www.apkmirror.com/apk/fampay/fampay-prepaid-card-payments-for-teenagers/1-8-1-release/fampay-teen-upi-payment-app-1-8-1-android-apk-download/
FamApp: Spend with UPI & Card 1.7.8,by FamPay,,https://www.apkmirror.com/apk/fampay/fampay-prepaid-card-payments-for-teenagers/fampay-prepaid-card-payments-for-teenagers-1-7-8-release/,https://www.apkmirror.com/apk/fampay/fampay-prepaid-card-payments-for-teenagers/1-7-8-release/fampay-teen-upi-payment-app-1-7-8-android-apk-download/
FamApp: Spend with UPI & Card 1.7.7,by FamPay,,https://www.apkmirror.com/apk/fampay/fampay-prepaid-card-payments-for-teenagers/fampay-prepaid-card-payments-for-teenagers-1-7-7-release/,https://www.apkmirror.com/apk/fampay/fampay-prepaid-card-payments-for-teenagers/1-7-7-release/fampay-teen-upi-payment-app-1-7-7-android-apk-download/
FamApp: Spend with UPI & Card 1.7.5,by FamPay,,https://www.apkmirror.com/apk/fampay/fampay-prepaid-card-payments-for-teenagers/fampay-prepaid-card-payments-for-teenagers-1-7-5-release/,https://www.apkmirror.com/apk/fampay/fampay-prepaid-card-payments-for-teenagers/1-7-5-release/fampay-teen-upi-payment-app-1-7-5-android-apk-download/
FamApp: Spend with UPI & Card 1.7.4,by FamPay,,https://www.apkmirror.com/apk/fampay/fampay-prepaid-card-payments-for-teenagers/fampay-prepaid-card-payments-for-teenagers-1-7-4-release/,https://www.apkmirror.com/apk/fampay/fampay-prepaid-card-payments-for-teenagers/1-7-4-release/fampay-teen-upi-payment-app-1-7-4-android-apk-download/
FamApp: Spend with UPI & Card 1.7.3,by FamPay,,https://www.apkmirror.com/apk/fampay/fampay-prepaid-card-payments-for-teenagers/fampay-prepaid-card-payments-for-teenagers-1-7-3-release/,https://www.apkmirror.com/apk/fampay/fampay-prepaid-card-payments-for-teenagers/1-7-3-release/fampay-teen-upi-payment-app-1-7-3-android-apk-download/
FamApp: Spend with UPI & Card 1.7.2,by FamPay,,https://www.apkmirror.com/apk/fampay/fampay-prepaid-card-payments-for-teenagers/fampay-prepaid-card-payments-for-teenagers-1-7-2-release/,https://www.apkmirror.com/apk/fampay/fampay-prepaid-card-payments-for-teenagers/1-7-2-release/fampay-teen-upi-payment-app-1-7-2-android-apk-download/
FamApp: Spend with UPI & Card 1.7.1,by FamPay,,https://www.apkmirror.com/apk/fampay/fampay-prepaid-card-payments-for-teenagers/fampay-prepaid-card-payments-for-teenagers-1-7-1-release/,https://www.apkmirror.com/apk/fampay/fampay-prepaid-card-payments-for-teenagers/1-7-1-release/fampay-teen-upi-payment-app-1-7-1-android-apk-download/
FamApp: Spend with UPI & Card 1.6.9,by FamPay,,https://www.apkmirror.com/apk/fampay/fampay-prepaid-card-payments-for-teenagers/fampay-prepaid-card-payments-for-teenagers-1-6-9-release/,https://www.apkmirror.com/apk/fampay/fampay-prepaid-card-payments-for-teenagers/1-6-9-release/fampay-teen-upi-payment-app-1-6-9-android-apk-download/
FamApp: Spend with UPI & Card 1.6.8,by FamPay,,https://www.apkmirror.com/apk/fampay/fampay-prepaid-card-payments-for-teenagers/fampay-prepaid-card-payments-for-teenagers-1-6-8-release/,https://www.apkmirror.com/apk/fampay/fampay-prepaid-card-payments-for-teenagers/1-6-8-release/fampay-teen-upi-payment-app-1-6-8-android-apk-download/
FamApp: Spend with UPI & Card 1.6.7,by FamPay,,https://www.apkmirror.com/apk/fampay/fampay-prepaid-card-payments-for-teenagers/fampay-prepaid-card-payments-for-teenagers-1-6-7-release/,https://www.apkmirror.com/apk/fampay/fampay-prepaid-card-payments-for-teenagers/1-6-7-release/fampay-teen-upi-payment-app-1-6-7-android-apk-download/
FamApp: Spend with UPI & Card 1.6.6,by FamPay,,https://www.apkmirror.com/apk/fampay/fampay-prepaid-card-payments-for-teenagers/fampay-prepaid-card-payments-for-teenagers-1-6-6-release/,https://www.apkmirror.com/apk/fampay/fampay-prepaid-card-payments-for-teenagers/1-6-6-release/fampay-teen-upi-payment-app-1-6-6-android-apk-download/
FamApp: Spend with UPI & Card 1.6.2,by FamPay,,https://www.apkmirror.com/apk/fampay/fampay-prepaid-card-payments-for-teenagers/fampay-prepaid-card-payments-for-teenagers-1-6-2-release/,https://www.apkmirror.com/apk/fampay/fampay-prepaid-card-payments-for-teenagers/1-6-2-release/fampay-teen-upi-payment-app-1-6-2-android-apk-download/
FamApp: Spend with UPI & Card 1.6.1,by FamPay,,https://www.apkmirror.com/apk/fampay/fampay-prepaid-card-payments-for-teenagers/fampay-prepaid-card-payments-for-teenagers-1-6-1-release/,https://www.apkmirror.com/apk/fampay/fampay-prepaid-card-payments-for-teenagers/1-6-1-release/fampay-teen-upi-payment-app-1-6-1-android-apk-download/
FamApp: Spend with UPI & Card 1.5.9,by FamPay,,https://www.apkmirror.com/apk/fampay/fampay-prepaid-card-payments-for-teenagers/fampay-prepaid-card-payments-for-teenagers-1-5-9-release/,https://www.apkmirror.com/apk/fampay/fampay-prepaid-card-payments-for-teenagers/1-5-9-release/fampay-teen-upi-payment-app-1-5-9-android-apk-download/
FamApp: Spend with UPI & Card 1.5.8,by FamPay,,https://www.apkmirror.com/apk/fampay/fampay-prepaid-card-payments-for-teenagers/fampay-prepaid-card-payments-for-teenagers-1-5-8-release/,https://www.apkmirror.com/apk/fampay/fampay-prepaid-card-payments-for-teenagers/1-5-8-release/fampay-teen-upi-payment-app-1-5-8-android-apk-download/
FamApp: Spend with UPI & Card 1.5.6,by FamPay,,https://www.apkmirror.com/apk/fampay/fampay-prepaid-card-payments-for-teenagers/fampay-prepaid-card-payments-for-teenagers-1-5-6-release/,https://www.apkmirror.com/apk/fampay/fampay-prepaid-card-payments-for-teenagers/1-5-6-release/fampay-teen-upi-payment-app-1-5-6-android-apk-download/
FamApp: Spend with UPI & Card 1.5.5,by FamPay,,https://www.apkmirror.com/apk/fampay/fampay-prepaid-card-payments-for-teenagers/fampay-prepaid-card-payments-for-teenagers-1-5-5-release/,https://www.apkmirror.com/apk/fampay/fampay-prepaid-card-payments-for-teenagers/1-5-5-release/fampay-teen-upi-payment-app-1-5-5-android-apk-download/
FamApp: Spend with UPI & Card 1.5.3,by FamPay,,https://www.apkmirror.com/apk/fampay/fampay-prepaid-card-payments-for-teenagers/fampay-prepaid-card-payments-for-teenagers-1-5-3-release/,https://www.apkmirror.com/apk/fampay/fampay-prepaid-card-payments-for-teenagers/1-5-3-release/fampay-teen-upi-payment-app-1-5-3-android-apk-download/
FamApp: Spend with UPI & Card 1.4.8,by FamPay,,https://www.apkmirror.com/apk/fampay/fampay-prepaid-card-payments-for-teenagers/fampay-prepaid-card-payments-for-teenagers-1-4-8-release/,https://www.apkmirror.com/apk/fampay/fampay-prepaid-card-payments-for-teenagers/1-4-8-release/fampay-teen-upi-payment-app-1-4-8-android-apk-download/
FamApp: Spend with UPI & Card 1.4.7,by FamPay,,https://www.apkmirror.com/apk/fampay/fampay-prepaid-card-payments-for-teenagers/fampay-prepaid-card-payments-for-teenagers-1-4-7-release/,https://www.apkmirror.com/apk/fampay/fampay-prepaid-card-payments-for-teenagers/1-4-7-release/fampay-teen-upi-payment-app-1-4-7-android-apk-download/
FamApp: Spend with UPI & Card 1.4.5,by FamPay,,https://www.apkmirror.com/apk/fampay/fampay-prepaid-card-payments-for-teenagers/fampay-prepaid-card-payments-for-teenagers-1-4-5-release/,https://www.apkmirror.com/apk/fampay/fampay-prepaid-card-payments-for-teenagers/1-4-5-release/fampay-teen-upi-payment-app-1-4-5-android-apk-download/
FamApp: Spend with UPI & Card 1.4.1,by FamPay,,https://www.apkmirror.com/apk/fampay/fampay-prepaid-card-payments-for-teenagers/fampay-prepaid-card-payments-for-teenagers-1-4-1-release/,https://www.apkmirror.com/apk/fampay/fampay-prepaid-card-payments-for-teenagers/1-4-1-release/fampay-teen-upi-payment-app-1-4-1-android-apk-download/
